Date,"Total Cases","New Cases","New Cases 7-Day Moving Average","Case Growth","Cases Growth 7DMA","Total Deaths","New Deaths","New Deaths 7DMA","Death Growth","Death Growth 7DMA","Total Recoveries","New Recoveries","Recovery Rate","Active Cases","Case Fatality Rate (CFR)","Adjusted CFR","Total Deaths per MM Population","Total Cases per MM Population","Active Cases per ICU Bed"
2021-10-09,1561878,415,647,0.03%,0.04%,27674,20,17,0.07%,0.06%,0,0,0%,1534204,1.77%,100%,168.04,9483.8
2021-10-08,1561463,645,672,0.04%,0.04%,27654,7,18,0.03%,0.07%,0,0,0%,1533809,1.77%,100%,167.92,9481.28
2021-10-07,1560818,663,701,0.04%,0.04%,27647,12,20,0.04%,0.07%,0,0,0%,1533171,1.77%,100%,167.87,9477.37
2021-10-06,1560155,703,729,0.05%,0.05%,27635,21,21,0.08%,0.08%,0,0,0%,1532520,1.77%,100%,167.8,9473.34
2021-10-05,1559452,694,797,0.04%,0.05%,27614,23,21,0.08%,0.08%,0,0,0%,1531838,1.77%,100%,167.67,9469.07
2021-10-04,1558758,794,885,0.05%,0.06%,27591,18,22,0.07%,0.08%,0,0,0%,1531167,1.77%,100%,167.53,9464.86
2021-10-03,1557964,617,945,0.04%,0.06%,27573,18,23,0.07%,0.08%,0,0,0%,1530391,1.77%,100%,167.42,9460.04
2021-10-02,1557347,589,997,0.04%,0.06%,27555,24,23,0.09%,0.08%,0,0,0%,1529792,1.77%,100%,167.32,9456.29
2021-10-01,1556758,847,1029,0.05%,0.07%,27531,21,23,0.08%,0.08%,0,0,0%,1529227,1.77%,100%,167.17,9452.71
2021-09-30,1555911,860,1084,0.06%,0.07%,27510,23,25,0.08%,0.09%,0,0,0%,1528401,1.77%,100%,167.04,9447.57
2021-09-29,1555051,1178,1125,0.08%,0.07%,27487,17,25,0.06%,0.09%,0,0,0%,1527564,1.77%,100%,166.9,9442.35
2021-09-28,1553873,1310,1153,0.08%,0.07%,27470,31,28,0.11%,0.1%,0,0,0%,1526403,1.77%,100%,166.8,9435.2
2021-09-27,1552563,1212,1189,0.08%,0.08%,27439,25,27,0.09%,0.1%,0,0,0%,1525124,1.77%,100%,166.61,9427.24
2021-09-26,1551351,980,1238,0.06%,0.08%,27414,21,27,0.08%,0.1%,0,0,0%,1523937,1.77%,100%,166.46,9419.88
2021-09-25,1550371,818,1296,0.05%,0.08%,27393,25,30,0.09%,0.11%,0,0,0%,1522978,1.77%,100%,166.33,9413.93
2021-09-24,1549553,1233,1349,0.08%,0.09%,27368,31,32,0.11%,0.12%,0,0,0%,1522185,1.77%,100%,166.18,9408.96
2021-09-23,1548320,1144,1445,0.07%,0.09%,27337,24,33,0.09%,0.12%,0,0,0%,1520983,1.77%,100%,165.99,9401.48
2021-09-22,1547176,1376,1548,0.09%,0.1%,27313,36,36,0.13%,0.14%,0,0,0%,1519863,1.77%,100%,165.85,9394.53
2021-09-21,1545800,1562,1623,0.1%,0.1%,27277,26,39,0.1%,0.14%,0,0,0%,1518523,1.76%,100%,165.63,9386.18
2021-09-20,1544238,1555,1696,0.1%,0.11%,27251,26,40,0.1%,0.15%,0,0,0%,1516987,1.76%,100%,165.47,9376.69
2021-09-19,1542683,1383,1753,0.09%,0.11%,27225,43,42,0.16%,0.16%,0,0,0%,1515458,1.76%,100%,165.31,9367.25
2021-09-18,1541300,1190,1823,0.08%,0.12%,27182,35,43,0.13%,0.16%,0,0,0%,1514118,1.76%,100%,165.05,9358.85
2021-09-17,1540110,1907,1842,0.12%,0.12%,27147,38,45,0.14%,0.17%,0,0,0%,1512963,1.76%,100%,164.84,9351.63
2021-09-16,1538203,1862,1902,0.12%,0.12%,27109,51,45,0.19%,0.17%,0,0,0%,1511094,1.76%,100%,164.61,9340.05
2021-09-15,1536341,1901,2006,0.12%,0.13%,27058,51,46,0.19%,0.17%,0,0,0%,1509283,1.76%,100%,164.3,9328.74
2021-09-14,1534440,2074,2091,0.14%,0.14%,27007,35,46,0.13%,0.17%,0,0,0%,1507433,1.76%,100%,163.99,9317.2
2021-09-13,1532366,1953,2171,0.13%,0.14%,26972,41,49,0.15%,0.18%,0,0,0%,1505394,1.76%,100%,163.78,9304.6
2021-09-12,1530413,1871,2280,0.12%,0.15%,26931,51,53,0.19%,0.2%,0,0,0%,1503482,1.76%,100%,163.53,9292.75
2021-09-11,1528542,1327,2359,0.09%,0.15%,26880,48,55,0.18%,0.21%,0,0,0%,1501662,1.76%,100%,163.22,9281.38
2021-09-10,1527215,2325,2419,0.15%,0.16%,26832,38,57,0.14%,0.21%,0,0,0%,1500383,1.76%,100%,162.93,9273.33
2021-09-09,1524890,2588,2539,0.17%,0.17%,26794,58,62,0.22%,0.23%,0,0,0%,1498096,1.76%,100%,162.69,9259.21
2021-09-08,1522302,2497,2660,0.16%,0.18%,26736,52,66,0.19%,0.25%,0,0,0%,1495566,1.76%,100%,162.34,9243.5
2021-09-07,1519805,2639,2741,0.17%,0.18%,26684,56,70,0.21%,0.26%,0,0,0%,1493121,1.76%,100%,162.03,9228.33
2021-09-06,1517166,2710,2844,0.18%,0.19%,26628,65,74,0.24%,0.28%,0,0,0%,1490538,1.76%,100%,161.69,9212.31
2021-09-05,1514456,2430,2988,0.16%,0.2%,26563,70,78,0.26%,0.3%,0,0,0%,1487893,1.75%,100%,161.29,9195.85
2021-09-04,1512026,1743,3205,0.12%,0.21%,26493,61,81,0.23%,0.31%,0,0,0%,1485533,1.75%,100%,160.87,9181.1
2021-09-03,1510283,3167,3447,0.21%,0.23%,26432,70,84,0.27%,0.32%,0,0,0%,1483851,1.75%,100%,160.5,9170.52
2021-09-02,1507116,3436,3498,0.23%,0.23%,26362,88,90,0.33%,0.35%,0,0,0%,1480754,1.75%,100%,160.07,9151.29
2021-09-01,1503680,3062,3679,0.2%,0.25%,26274,79,92,0.3%,0.36%,0,0,0%,1477406,1.75%,100%,159.54,9130.42
2021-08-31,1500618,3357,3951,0.22%,0.27%,26195,86,97,0.33%,0.38%,0,0,0%,1474423,1.75%,100%,159.06,9111.83
2021-08-30,1497261,3724,4221,0.25%,0.29%,26109,94,101,0.36%,0.39%,0,0,0%,1471152,1.74%,100%,158.54,9091.45
2021-08-29,1493537,3948,4506,0.27%,0.31%,26015,89,105,0.34%,0.41%,0,0,0%,1467522,1.74%,100%,157.96,9068.83
2021-08-28,1489589,3436,4628,0.23%,0.32%,25926,80,112,0.31%,0.44%,0,0,0%,1463663,1.74%,100%,157.42,9044.86
2021-08-27,1486153,3525,4707,0.24%,0.32%,25846,117,118,0.45%,0.46%,0,0,0%,1460307,1.74%,100%,156.94,9024
2021-08-26,1482628,4698,5060,0.32%,0.35%,25729,102,122,0.4%,0.48%,0,0,0%,1456899,1.74%,100%,156.23,9002.59
2021-08-25,1477930,4966,5327,0.34%,0.37%,25627,114,130,0.45%,0.52%,0,0,0%,1452303,1.73%,100%,155.61,8974.07
2021-08-24,1472964,5249,5653,0.36%,0.39%,25513,114,138,0.45%,0.55%,0,0,0%,1447451,1.73%,100%,154.92,8943.91
2021-08-23,1467715,5717,5979,0.39%,0.41%,25399,117,150,0.46%,0.6%,0,0,0%,1442316,1.73%,100%,154.22,8912.04
2021-08-22,1461998,4804,6157,0.33%,0.43%,25282,139,158,0.55%,0.64%,0,0,0%,1436716,1.73%,100%,153.51,8877.33
2021-08-21,1457194,3991,6425,0.27%,0.45%,25143,120,165,0.48%,0.67%,0,0,0%,1432051,1.73%,100%,152.67,8848.16
2021-08-20,1453203,5993,6839,0.41%,0.48%,25023,145,173,0.58%,0.71%,0,0,0%,1428180,1.72%,100%,151.94,8823.92
2021-08-19,1447210,6566,7192,0.46%,0.51%,24878,159,181,0.64%,0.75%,0,0,0%,1422332,1.72%,100%,151.06,8787.53
2021-08-18,1440644,7248,7700,0.51%,0.55%,24719,172,189,0.7%,0.79%,0,0,0%,1415925,1.72%,100%,150.1,8747.66
2021-08-17,1433396,7535,8153,0.53%,0.58%,24547,198,198,0.81%,0.83%,0,0,0%,1408849,1.71%,100%,149.05,8703.65
2021-08-16,1425861,6959,8672,0.49%,0.62%,24349,174,207,0.72%,0.88%,0,0,0%,1401512,1.71%,100%,147.85,8657.9
2021-08-15,1418902,6684,9315,0.47%,0.68%,24175,187,218,0.78%,0.93%,0,0,0%,1394727,1.7%,100%,146.79,8615.65
2021-08-14,1412218,6885,9832,0.49%,0.72%,23988,178,225,0.75%,0.98%,0,0,0%,1388230,1.7%,100%,145.66,8575.06
2021-08-13,1405333,8465,10010,0.61%,0.74%,23810,197,237,0.83%,1.04%,0,0,0%,1381523,1.69%,100%,144.58,8533.25
2021-08-12,1396868,10126,10602,0.73%,0.78%,23613,215,244,0.92%,1.08%,0,0,0%,1373255,1.69%,100%,143.38,8481.85
2021-08-11,1386742,10420,10976,0.76%,0.82%,23398,237,251,1.02%,1.12%,0,0,0%,1363344,1.69%,100%,142.07,8420.37
2021-08-10,1376322,11164,11461,0.82%,0.86%,23161,264,252,1.15%,1.14%,0,0,0%,1353161,1.68%,100%,140.63,8357.1
2021-08-09,1365158,11463,12120,0.85%,0.92%,22897,245,248,1.08%,1.13%,0,0,0%,1342261,1.68%,100%,139.03,8289.31
2021-08-08,1353695,10299,12767,0.77%,0.98%,22652,241,248,1.08%,1.15%,0,0,0%,1331043,1.67%,100%,137.54,8219.71
2021-08-07,1343396,8136,13416,0.61%,1.04%,22411,261,247,1.18%,1.15%,0,0,0%,1320985,1.67%,100%,136.08,8157.17
2021-08-06,1335260,12606,13592,0.95%,1.06%,22150,248,240,1.13%,1.14%,0,0,0%,1313110,1.66%,100%,134.5,8107.77
2021-08-05,1322654,12744,13772,0.97%,1.09%,21902,264,235,1.22%,1.13%,0,-1141157,0%,1300752,1.66%,100%,132.99,8031.22
2021-08-04,1309910,13817,14133,1.07%,1.13%,21638,241,232,1.13%,1.12%,1141157,16112,87.12%,147115,1.65%,1.86%,131.39,7953.84
2021-08-03,1296093,15776,14477,1.23%,1.17%,21397,235,231,1.11%,1.13%,1125045,16297,86.8%,149651,1.65%,1.87%,129.92,7869.94
2021-08-02,1280317,15989,14356,1.26%,1.18%,21162,246,234,1.18%,1.16%,1108748,15482,86.6%,150407,1.65%,1.87%,128.5,7774.15
2021-08-01,1264328,14844,14242,1.19%,1.18%,20916,231,235,1.12%,1.18%,1093266,15054,86.47%,150146,1.65%,1.88%,127,7677.06
2021-07-31,1249484,9369,13734,0.76%,1.15%,20685,218,234,1.07%,1.19%,1078212,14017,86.29%,150587,1.66%,1.88%,125.6,7586.93
2021-07-30,1240115,13862,13364,1.13%,1.13%,20467,212,231,1.05%,1.18%,1064195,13975,85.81%,155453,1.65%,1.89%,124.28,7530.04
2021-07-29,1226253,15271,12293,1.26%,1.05%,20255,239,224,1.19%,1.16%,1050220,14336,85.64%,155778,1.65%,1.89%,122.99,7445.87
2021-07-28,1210982,16230,10640,1.36%,0.91%,20016,237,217,1.2%,1.13%,1035884,13470,85.54%,155082,1.65%,1.9%,121.54,7353.14
2021-07-27,1194752,14925,9409,1.27%,0.81%,19779,258,208,1.32%,1.1%,1022414,12439,85.58%,152559,1.66%,1.9%,120.1,7254.6
2021-07-26,1179827,15192,8931,1.3%,0.78%,19521,247,199,1.28%,1.06%,1009975,11052,85.6%,150331,1.65%,1.9%,118.53,7163.97
2021-07-25,1164635,11291,8664,0.98%,0.77%,19274,228,197,1.2%,1.07%,998923,10584,85.77%,146438,1.65%,1.89%,117.03,7071.72
2021-07-24,1153344,6780,8705,0.59%,0.78%,19046,195,197,1.03%,1.08%,988339,9723,85.69%,145959,1.65%,1.89%,115.65,7003.16
2021-07-23,1146564,6364,8949,0.56%,0.81%,18851,166,198,0.89%,1.1%,978616,9006,85.35%,149097,1.64%,1.89%,114.46,6962
2021-07-22,1140200,3697,9775,0.33%,0.89%,18685,187,201,1.01%,1.12%,969610,8566,85.04%,151905,1.64%,1.89%,113.46,6923.35
2021-07-21,1136503,7614,10995,0.67%,1.01%,18498,173,207,0.94%,1.17%,961044,9704,84.56%,156961,1.63%,1.89%,112.32,6900.9
2021-07-20,1128889,11579,11676,1.04%,1.08%,18325,200,212,1.1%,1.21%,951340,9997,84.27%,159224,1.62%,1.89%,111.27,6854.67
2021-07-19,1117310,13321,11765,1.21%,1.1%,18125,231,212,1.29%,1.23%,941343,9335,84.25%,157842,1.62%,1.89%,110.06,6784.36
2021-07-18,1103989,11578,11829,1.06%,1.12%,17894,225,211,1.27%,1.24%,932008,8845,84.42%,154087,1.62%,1.88%,108.65,6703.48
2021-07-17,1092411,8489,11871,0.78%,1.14%,17669,204,211,1.17%,1.26%,923163,8820,84.51%,151579,1.62%,1.88%,107.29,6633.18
2021-07-16,1083922,12148,11911,1.13%,1.15%,17465,187,209,1.08%,1.26%,914343,8536,84.36%,152114,1.61%,1.87%,106.05,6581.63
2021-07-15,1071774,12236,11794,1.15%,1.15%,17278,226,212,1.33%,1.29%,905807,8395,84.51%,148689,1.61%,1.87%,104.91,6507.87
2021-07-14,1059538,12383,11710,1.18%,1.16%,17052,210,208,1.25%,1.29%,897412,8245,84.7%,145074,1.61%,1.86%,103.54,6433.57
2021-07-13,1047155,12198,11536,1.18%,1.15%,16842,203,207,1.22%,1.3%,889167,7646,84.91%,141146,1.61%,1.86%,102.27,6358.38
2021-07-12,1034957,13768,11439,1.35%,1.16%,16639,220,201,1.34%,1.27%,881521,7020,85.17%,136797,1.61%,1.85%,101.03,6284.31
2021-07-11,1021189,11874,10896,1.18%,1.12%,16419,230,193,1.42%,1.24%,874501,6362,85.64%,130269,1.61%,1.84%,99.7,6200.71
2021-07-10,1009315,8772,10437,0.88%,1.08%,16189,185,182,1.16%,1.18%,868139,5755,86.01%,124987,1.6%,1.83%,98.3,6128.61
2021-07-09,1000543,11324,10072,1.14%,1.05%,16004,212,175,1.34%,1.15%,862384,6038,86.19%,122155,1.6%,1.82%,97.18,6075.35
2021-07-08,989219,11651,9666,1.19%,1.02%,15792,199,164,1.28%,1.08%,856346,5844,86.57%,117081,1.6%,1.81%,95.89,6006.59
2021-07-07,977568,11162,9187,1.16%,0.98%,15593,201,156,1.31%,1.04%,850502,5987,87%,111473,1.6%,1.8%,94.68,5935.84
2021-07-06,966406,11525,8853,1.21%,0.95%,15392,163,143,1.07%,0.97%,844515,5433,87.39%,106499,1.59%,1.79%,93.46,5868.07
2021-07-05,954881,9964,8302,1.05%,0.9%,15229,164,136,1.09%,0.93%,839082,5185,87.87%,100570,1.59%,1.78%,92.47,5798.09
2021-07-04,944917,8661,8073,0.93%,0.89%,15065,153,128,1.03%,0.88%,833897,4698,88.25%,95955,1.59%,1.77%,91.48,5737.58
2021-07-03,936256,6214,7588,0.67%,0.84%,14912,134,123,0.91%,0.85%,829199,3777,88.57%,92145,1.59%,1.77%,90.55,5684.99
2021-07-02,930042,8483,7320,0.92%,0.81%,14778,132,115,0.9%,0.8%,825422,4509,88.75%,89842,1.59%,1.76%,89.73,5647.26
2021-07-01,921559,8301,6946,0.91%,0.78%,14646,143,111,0.99%,0.78%,820913,4663,89.08%,86000,1.59%,1.75%,88.93,5595.75
2021-06-30,913258,8822,6626,0.98%,0.75%,14503,115,102,0.8%,0.73%,816250,4550,89.38%,82505,1.59%,1.75%,88.06,5545.35
2021-06-29,904436,7666,6184,0.85%,0.7%,14388,112,98,0.78%,0.7%,811700,4027,89.75%,78348,1.59%,1.74%,87.36,5491.78
2021-06-28,896770,8364,5781,0.94%,0.66%,14276,104,93,0.73%,0.67%,807673,3570,90.06%,74821,1.59%,1.74%,86.68,5445.23
2021-06-27,888406,5268,5248,0.6%,0.61%,14172,119,89,0.85%,0.65%,804103,3249,90.51%,70131,1.6%,1.73%,86.05,5394.45
2021-06-26,883138,4334,5016,0.49%,0.58%,14053,77,84,0.55%,0.61%,800854,3295,90.68%,68231,1.59%,1.72%,85.33,5362.46
2021-06-25,878804,5869,4833,0.67%,0.56%,13976,108,82,0.78%,0.61%,797559,2776,90.76%,67269,1.59%,1.72%,84.86,5336.14
2021-06-24,872935,6058,4550,0.7%,0.53%,13868,81,75,0.59%,0.55%,794783,3230,91.05%,64284,1.59%,1.71%,84.21,5300.51
2021-06-23,866877,5727,4233,0.67%,0.5%,13787,85,72,0.62%,0.53%,791553,3168,91.31%,61537,1.59%,1.71%,83.72,5263.72
2021-06-22,861150,4846,3980,0.57%,0.47%,13702,76,69,0.56%,0.51%,788385,2903,91.55%,59063,1.59%,1.71%,83.2,5228.95
2021-06-21,856304,4636,3762,0.54%,0.45%,13626,78,65,0.58%,0.48%,785482,2827,91.73%,57196,1.59%,1.71%,82.74,5199.52
2021-06-20,851668,3641,3535,0.43%,0.42%,13548,82,61,0.61%,0.46%,782655,2509,91.9%,55465,1.59%,1.7%,82.26,5171.37
2021-06-19,848027,3057,3363,0.36%,0.4%,13466,67,56,0.5%,0.42%,780146,1725,92%,54415,1.59%,1.7%,81.77,5149.26
2021-06-18,844970,3883,3160,0.46%,0.38%,13399,54,52,0.4%,0.4%,778421,1955,92.12%,53150,1.59%,1.69%,81.36,5130.7
2021-06-17,841087,3840,2956,0.46%,0.36%,13345,63,51,0.47%,0.39%,776466,2714,92.32%,51276,1.59%,1.69%,81.03,5107.12
2021-06-16,837247,3956,2775,0.47%,0.34%,13282,60,48,0.45%,0.36%,773752,2679,92.42%,50213,1.59%,1.69%,80.65,5083.81
2021-06-15,833291,3319,2573,0.4%,0.31%,13222,50,44,0.38%,0.34%,771073,2243,92.53%,48996,1.59%,1.69%,80.28,5059.79
2021-06-14,829972,3050,2430,0.37%,0.3%,13172,54,43,0.41%,0.33%,768830,2564,92.63%,47970,1.59%,1.68%,79.98,5039.63
2021-06-13,826922,2436,2276,0.3%,0.28%,13118,47,40,0.36%,0.31%,766266,2242,92.66%,47538,1.59%,1.68%,79.65,5021.11
2021-06-12,824486,1637,2167,0.2%,0.27%,13071,39,39,0.3%,0.3%,764024,2108,92.67%,47391,1.59%,1.68%,79.37,5006.32
2021-06-11,822849,2454,2140,0.3%,0.26%,13032,43,39,0.33%,0.3%,761916,2286,92.59%,47901,1.58%,1.68%,79.13,4996.38
2021-06-10,820395,2576,2059,0.31%,0.25%,12989,40,38,0.31%,0.3%,759630,2061,92.59%,47776,1.58%,1.68%,78.87,4981.48
2021-06-09,817819,2537,1932,0.31%,0.24%,12949,36,36,0.28%,0.29%,757569,2267,92.63%,47301,1.58%,1.68%,78.63,4965.84
2021-06-08,815282,2322,1854,0.29%,0.23%,12913,44,36,0.34%,0.28%,755302,2062,92.64%,47067,1.58%,1.68%,78.41,4950.43
2021-06-07,812960,1970,1774,0.24%,0.22%,12869,30,36,0.23%,0.28%,753240,1918,92.65%,46851,1.58%,1.68%,78.14,4936.33
2021-06-06,810990,1676,1737,0.21%,0.22%,12839,38,37,0.3%,0.29%,751322,1897,92.64%,46829,1.58%,1.68%,77.96,4924.37
2021-06-05,809314,1447,1704,0.18%,0.21%,12801,43,36,0.34%,0.29%,749425,1667,92.6%,47088,1.58%,1.68%,77.73,4914.2
2021-06-04,807867,1887,1646,0.23%,0.2%,12758,34,35,0.27%,0.28%,747758,1723,92.56%,47351,1.58%,1.68%,77.47,4905.41
2021-06-03,805980,1687,1571,0.21%,0.2%,12724,30,35,0.24%,0.28%,746035,1970,92.56%,47221,1.58%,1.68%,77.26,4893.95
2021-06-02,804293,1988,1514,0.25%,0.19%,12694,34,34,0.27%,0.27%,744065,1914,92.51%,47534,1.58%,1.68%,77.08,4883.71
2021-06-01,802305,1765,1444,0.22%,0.18%,12660,41,31,0.32%,0.25%,742151,1779,92.5%,47494,1.58%,1.68%,76.87,4871.64
2021-05-31,800540,1710,1431,0.21%,0.18%,12619,36,31,0.29%,0.25%,740372,1567,92.48%,47549,1.58%,1.68%,76.62,4860.92
2021-05-30,798830,1444,1393,0.18%,0.17%,12583,34,30,0.27%,0.24%,738805,1397,92.49%,47442,1.58%,1.67%,76.4,4850.54
2021-05-29,797386,1043,1380,0.13%,0.17%,12549,38,29,0.3%,0.23%,737408,1187,92.48%,47429,1.57%,1.67%,76.2,4841.77
2021-05-28,796343,1358,1378,0.17%,0.17%,12511,31,29,0.25%,0.23%,736221,1064,92.45%,47611,1.57%,1.67%,75.97,4835.44
2021-05-27,794985,1292,1399,0.16%,0.18%,12480,22,28,0.18%,0.23%,735157,1291,92.47%,47348,1.57%,1.67%,75.78,4827.19
2021-05-26,793693,1497,1422,0.19%,0.18%,12458,17,30,0.14%,0.24%,733866,1056,92.46%,47369,1.57%,1.67%,75.65,4819.34
2021-05-25,792196,1675,1438,0.21%,0.18%,12441,40,33,0.32%,0.27%,732810,1279,92.5%,46945,1.57%,1.67%,75.54,4810.25
2021-05-24,790521,1441,1381,0.18%,0.18%,12401,25,31,0.2%,0.26%,731531,834,92.54%,46589,1.57%,1.67%,75.3,4800.08
2021-05-23,789080,1354,1274,0.17%,0.16%,12376,28,32,0.23%,0.26%,730697,899,92.6%,46007,1.57%,1.67%,75.15,4791.33
2021-05-22,787726,1028,1133,0.13%,0.15%,12348,38,32,0.31%,0.26%,729798,759,92.65%,45580,1.57%,1.66%,74.98,4783.11
2021-05-21,786698,1504,1023,0.19%,0.13%,12310,26,30,0.21%,0.24%,729039,1529,92.67%,45349,1.56%,1.66%,74.75,4776.87
2021-05-20,785194,1457,930,0.19%,0.12%,12284,36,30,0.29%,0.24%,727510,1378,92.65%,45400,1.56%,1.66%,74.59,4767.74
2021-05-19,783737,1608,906,0.21%,0.12%,12248,37,29,0.3%,0.24%,726132,1923,92.65%,45357,1.56%,1.66%,74.37,4758.89
2021-05-18,782129,1272,839,0.16%,0.11%,12211,30,29,0.25%,0.24%,724209,1115,92.59%,45709,1.56%,1.66%,74.15,4749.13
2021-05-17,780857,698,833,0.09%,0.11%,12181,32,30,0.26%,0.25%,723094,1058,92.6%,45582,1.56%,1.66%,73.96,4741.4
2021-05-16,780159,363,949,0.05%,0.12%,12149,25,31,0.21%,0.26%,722036,601,92.55%,45974,1.56%,1.65%,73.77,4737.17
2021-05-15,779796,261,1096,0.03%,0.14%,12124,22,35,0.18%,0.29%,721435,964,92.52%,46237,1.55%,1.65%,73.62,4734.96
2021-05-14,779535,848,1242,0.11%,0.16%,12102,26,38,0.22%,0.32%,720471,852,92.42%,46962,1.55%,1.65%,73.48,4733.38
2021-05-13,778687,1290,1361,0.17%,0.18%,12076,31,40,0.26%,0.34%,719619,1370,92.41%,46992,1.55%,1.65%,73.33,4728.23
2021-05-12,777397,1140,1437,0.15%,0.19%,12045,40,41,0.33%,0.35%,718249,2928,92.39%,47103,1.55%,1.65%,73.14,4720.39
2021-05-11,776257,1230,1523,0.16%,0.2%,12005,33,43,0.28%,0.36%,715321,3044,92.15%,48931,1.55%,1.65%,72.89,4713.47
2021-05-10,775027,1514,1621,0.2%,0.21%,11972,38,47,0.32%,0.4%,712277,2115,91.9%,50778,1.54%,1.65%,72.69,4706
2021-05-09,773513,1386,1653,0.18%,0.22%,11934,56,51,0.47%,0.43%,710162,3329,91.81%,51417,1.54%,1.65%,72.46,4696.81
2021-05-08,772127,1285,1649,0.17%,0.22%,11878,45,53,0.38%,0.45%,706833,2492,91.54%,53416,1.54%,1.65%,72.12,4688.39
2021-05-07,770842,1682,1673,0.22%,0.22%,11833,37,55,0.31%,0.47%,704341,2178,91.37%,54668,1.54%,1.65%,71.85,4680.59
2021-05-06,769160,1822,1744,0.24%,0.23%,11796,41,58,0.35%,0.5%,702163,3698,91.29%,55201,1.53%,1.65%,71.63,4670.38
2021-05-05,767338,1742,1818,0.23%,0.24%,11755,50,64,0.43%,0.56%,698465,3433,91.02%,57118,1.53%,1.66%,71.38,4659.32
2021-05-04,765596,1914,1991,0.25%,0.26%,11705,61,68,0.52%,0.6%,695032,3870,90.78%,58859,1.53%,1.66%,71.07,4648.74
2021-05-03,763682,1739,2151,0.23%,0.28%,11644,65,71,0.56%,0.62%,691162,3834,90.5%,60876,1.52%,1.66%,70.7,4637.12
2021-05-02,761943,1359,2374,0.18%,0.31%,11579,69,75,0.6%,0.67%,687328,2657,90.21%,63036,1.52%,1.66%,70.31,4626.56
2021-05-01,760584,1452,2598,0.19%,0.34%,11510,60,80,0.52%,0.71%,684671,3245,90.02%,64403,1.51%,1.65%,69.89,4618.3
2021-04-30,759132,2177,2776,0.29%,0.37%,11450,57,83,0.5%,0.75%,681426,4325,89.76%,66256,1.51%,1.65%,69.52,4609.49
2021-04-29,756955,2341,2983,0.31%,0.4%,11393,88,87,0.78%,0.79%,677101,4782,89.45%,68461,1.51%,1.65%,69.18,4596.27
2021-04-28,754614,2955,3222,0.39%,0.43%,11305,77,89,0.69%,0.81%,672319,5392,89.09%,70990,1.5%,1.65%,68.64,4582.05
2021-04-27,751659,3031,3411,0.4%,0.46%,11228,78,91,0.7%,0.84%,666927,5234,88.73%,73504,1.49%,1.66%,68.18,4564.11
2021-04-26,748628,3306,3630,0.44%,0.49%,11150,97,93,0.88%,0.87%,661693,4241,88.39%,75785,1.49%,1.66%,67.7,4545.71
2021-04-25,745322,2922,3767,0.39%,0.51%,11053,101,95,0.92%,0.9%,657452,4301,88.21%,76817,1.48%,1.65%,67.11,4525.63
2021-04-24,742400,2697,3878,0.36%,0.53%,10952,83,96,0.76%,0.91%,653151,5477,87.98%,78297,1.48%,1.65%,66.5,4507.89
2021-04-23,739703,3629,3989,0.49%,0.55%,10869,88,98,0.82%,0.94%,647674,5225,87.56%,81160,1.47%,1.65%,66,4491.51
2021-04-22,736074,4014,4102,0.55%,0.57%,10781,98,100,0.92%,0.96%,642449,7266,87.28%,82844,1.46%,1.65%,65.46,4469.48
2021-04-21,732060,4280,4127,0.59%,0.58%,10683,95,99,0.9%,0.97%,635183,7072,86.77%,86194,1.46%,1.65%,64.87,4445.11
2021-04-20,727780,4559,4256,0.63%,0.6%,10588,91,100,0.87%,0.98%,628111,6811,86.31%,89081,1.45%,1.66%,64.29,4419.12
2021-04-19,723221,4271,4466,0.59%,0.63%,10497,112,96,1.08%,0.95%,621300,6364,85.91%,91424,1.45%,1.66%,63.74,4391.43
2021-04-18,718950,3698,4885,0.52%,0.7%,10385,102,92,0.99%,0.92%,614936,6121,85.53%,93629,1.44%,1.66%,63.06,4365.5
2021-04-17,715252,3473,5188,0.49%,0.75%,10283,101,89,0.99%,0.89%,608815,5907,85.12%,96154,1.44%,1.66%,62.44,4343.05
2021-04-16,711779,4417,5455,0.62%,0.79%,10182,101,85,1%,0.87%,602908,5694,84.7%,98689,1.43%,1.66%,61.83,4321.96
2021-04-15,707362,4192,5890,0.6%,0.86%,10081,94,80,0.94%,0.82%,597214,5915,84.43%,100067,1.43%,1.66%,61.21,4295.14
2021-04-14,703170,5185,6270,0.74%,0.92%,9987,96,77,0.97%,0.8%,591299,5333,84.09%,101884,1.42%,1.66%,60.64,4269.68
2021-04-13,697985,6028,6619,0.87%,0.99%,9891,69,72,0.7%,0.75%,585966,4853,83.95%,102128,1.42%,1.66%,60.06,4238.2
2021-04-12,691957,7201,6788,1.05%,1.02%,9822,83,72,0.85%,0.75%,581113,4523,83.98%,101022,1.42%,1.66%,59.64,4201.6
2021-04-11,684756,5819,6770,0.86%,1.03%,9739,78,68,0.81%,0.71%,576590,4212,84.2%,98427,1.42%,1.66%,59.14,4157.87
2021-04-10,678937,5343,6951,0.79%,1.07%,9661,77,64,0.8%,0.68%,572378,3837,84.31%,96898,1.42%,1.66%,58.66,4122.54
2021-04-09,673594,7462,7000,1.12%,1.08%,9584,63,61,0.66%,0.66%,568541,3511,84.4%,95469,1.42%,1.66%,58.19,4090.1
2021-04-08,666132,6854,6910,1.04%,1.08%,9521,74,59,0.78%,0.64%,565030,3391,84.82%,91581,1.43%,1.66%,57.81,4044.79
2021-04-07,659278,7626,6855,1.17%,1.09%,9447,63,57,0.67%,0.62%,561639,3256,85.19%,88192,1.43%,1.65%,57.36,4003.17
2021-04-06,651652,7213,6531,1.12%,1.04%,9384,66,56,0.71%,0.61%,558383,2969,85.69%,83885,1.44%,1.65%,56.98,3956.86
2021-04-05,644439,7075,6221,1.11%,1%,9318,52,53,0.56%,0.58%,555414,2932,86.19%,79707,1.45%,1.65%,56.58,3913.07
2021-04-04,637364,7087,5950,1.12%,0.97%,9266,53,52,0.58%,0.57%,552482,2707,86.68%,75616,1.45%,1.65%,56.26,3870.11
2021-04-03,630277,5683,5496,0.91%,0.9%,9213,58,49,0.63%,0.54%,549775,2364,87.23%,71289,1.46%,1.65%,55.94,3827.07
2021-04-02,624594,6830,5209,1.11%,0.86%,9155,50,46,0.55%,0.52%,547411,2473,87.64%,68028,1.47%,1.64%,55.59,3792.57
2021-04-01,617764,6469,4767,1.06%,0.8%,9105,59,44,0.65%,0.49%,544938,2839,88.21%,63721,1.47%,1.64%,55.29,3751.09
2021-03-31,611295,5358,4355,0.88%,0.73%,9046,52,40,0.58%,0.46%,542099,2219,88.68%,60150,1.48%,1.64%,54.93,3711.81
2021-03-30,605937,5042,4099,0.84%,0.7%,8994,45,37,0.5%,0.41%,539880,2162,89.1%,57063,1.48%,1.64%,54.61,3679.28
2021-03-29,600895,5181,3887,0.87%,0.66%,8949,45,33,0.51%,0.37%,537718,2077,89.49%,54228,1.49%,1.64%,54.34,3648.67
2021-03-28,595714,3908,3548,0.66%,0.61%,8904,35,31,0.39%,0.35%,535641,2019,89.92%,51169,1.49%,1.64%,54.07,3617.21
2021-03-27,591806,3674,3300,0.62%,0.57%,8869,39,29,0.44%,0.33%,533622,1971,90.17%,49315,1.5%,1.63%,53.85,3593.48
2021-03-26,588132,3737,3042,0.64%,0.53%,8830,33,27,0.38%,0.31%,531651,2057,90.4%,47651,1.5%,1.63%,53.62,3571.17
2021-03-25,584395,3587,2779,0.62%,0.49%,8797,34,25,0.39%,0.29%,529594,1985,90.62%,46004,1.51%,1.63%,53.42,3548.48
2021-03-24,580808,3567,2579,0.62%,0.45%,8763,25,22,0.29%,0.26%,527609,1915,90.84%,44436,1.51%,1.63%,53.21,3526.7
2021-03-23,577241,3554,2336,0.62%,0.41%,8738,18,20,0.21%,0.23%,525694,1835,91.07%,42809,1.51%,1.64%,53.06,3505.04
2021-03-22,573687,2809,2074,0.49%,0.37%,8720,30,21,0.35%,0.25%,523859,1754,91.31%,41108,1.52%,1.64%,52.95,3483.46
2021-03-21,570878,2172,1926,0.38%,0.34%,8690,22,21,0.25%,0.24%,522105,1687,91.46%,40083,1.52%,1.64%,52.77,3466.4
2021-03-20,568706,1868,1781,0.33%,0.32%,8668,26,20,0.3%,0.23%,520418,1577,91.51%,39620,1.52%,1.64%,52.63,3453.21
2021-03-19,566838,1899,1659,0.34%,0.3%,8642,18,18,0.21%,0.21%,518841,1618,91.53%,39355,1.52%,1.64%,52.47,3441.87
2021-03-18,564939,2187,1540,0.39%,0.28%,8624,16,17,0.19%,0.2%,517223,1234,91.55%,39092,1.53%,1.64%,52.37,3430.34
2021-03-17,562752,1865,1378,0.33%,0.25%,8608,11,16,0.13%,0.19%,515989,1510,91.69%,38155,1.53%,1.64%,52.27,3417.06
2021-03-16,560887,1719,1257,0.31%,0.23%,8597,26,15,0.3%,0.18%,514479,1352,91.73%,37811,1.53%,1.64%,52.2,3405.73
2021-03-15,559168,1773,1142,0.32%,0.21%,8571,26,14,0.3%,0.16%,513127,1432,91.77%,37470,1.53%,1.64%,52.04,3395.3
2021-03-14,557395,1159,1009,0.21%,0.18%,8545,18,12,0.21%,0.14%,511695,1385,91.8%,37155,1.53%,1.64%,51.89,3384.53
2021-03-13,556236,1014,930,0.18%,0.17%,8527,12,11,0.14%,0.13%,510310,1138,91.74%,37399,1.53%,1.64%,51.78,3377.49
2021-03-12,555222,1066,863,0.19%,0.16%,8515,13,11,0.15%,0.12%,509172,1252,91.71%,37535,1.53%,1.64%,51.7,3371.34
2021-03-11,554156,1051,801,0.19%,0.15%,8502,6,10,0.07%,0.11%,507920,1307,91.66%,37734,1.53%,1.65%,51.62,3364.86
2021-03-10,553105,1018,739,0.18%,0.13%,8496,7,10,0.08%,0.11%,506613,1264,91.59%,37996,1.54%,1.65%,51.59,3358.48
2021-03-09,552087,912,682,0.17%,0.12%,8489,13,9,0.15%,0.11%,505349,1229,91.53%,38249,1.54%,1.65%,51.55,3352.3
2021-03-08,551175,845,625,0.15%,0.11%,8476,14,9,0.17%,0.1%,504120,1117,91.46%,38579,1.54%,1.65%,51.47,3346.76
2021-03-07,550330,606,588,0.11%,0.11%,8462,11,8,0.13%,0.09%,503003,1037,91.4%,38865,1.54%,1.65%,51.38,3341.63
2021-03-06,549724,540,556,0.1%,0.1%,8451,10,7,0.12%,0.09%,501966,822,91.31%,39307,1.54%,1.66%,51.31,3337.95
2021-03-05,549184,635,537,0.12%,0.1%,8441,6,7,0.07%,0.08%,501144,676,91.25%,39599,1.54%,1.66%,51.25,3334.67
2021-03-04,548549,619,514,0.11%,0.09%,8435,7,7,0.08%,0.09%,500468,841,91.23%,39646,1.54%,1.66%,51.22,3330.82
2021-03-03,547930,614,484,0.11%,0.09%,8428,5,7,0.06%,0.08%,499627,1236,91.18%,39875,1.54%,1.66%,51.18,3327.06
2021-03-02,547316,515,457,0.09%,0.08%,8423,7,7,0.08%,0.08%,498391,594,91.06%,40502,1.54%,1.66%,51.14,3323.33
2021-03-01,546801,585,441,0.11%,0.08%,8416,8,9,0.1%,0.1%,497797,873,91.04%,40588,1.54%,1.66%,51.1,3320.2
2021-02-28,546216,385,409,0.07%,0.08%,8408,8,8,0.1%,0.1%,496924,817,90.98%,40884,1.54%,1.66%,51.05,3316.65
2021-02-27,545831,407,401,0.07%,0.07%,8400,5,8,0.06%,0.1%,496107,609,90.89%,41324,1.54%,1.66%,51.01,3314.31
2021-02-26,545424,470,393,0.09%,0.07%,8395,11,8,0.13%,0.1%,495498,743,90.85%,41531,1.54%,1.67%,50.97,3311.84
2021-02-25,544954,410,384,0.08%,0.07%,8384,5,8,0.06%,0.09%,494755,957,90.79%,41815,1.54%,1.67%,50.91,3308.99
2021-02-24,544544,428,381,0.08%,0.07%,8379,5,9,0.06%,0.11%,493798,911,90.68%,42367,1.54%,1.67%,50.88,3306.5
2021-02-23,544116,399,383,0.07%,0.07%,8374,18,11,0.22%,0.13%,492887,828,90.58%,42855,1.54%,1.67%,50.85,3303.9
2021-02-22,543717,366,383,0.07%,0.07%,8356,7,10,0.08%,0.12%,492059,692,90.5%,43302,1.54%,1.67%,50.74,3301.48
2021-02-21,543351,327,394,0.06%,0.07%,8349,7,11,0.08%,0.13%,491367,475,90.43%,43635,1.54%,1.67%,50.7,3299.25
2021-02-20,543024,350,394,0.06%,0.07%,8342,5,11,0.06%,0.13%,490892,424,90.4%,43790,1.54%,1.67%,50.65,3297.27
2021-02-19,542674,406,386,0.07%,0.07%,8337,8,12,0.1%,0.15%,490468,536,90.38%,43869,1.54%,1.67%,50.62,3295.14
2021-02-18,542268,391,391,0.07%,0.07%,8329,15,12,0.18%,0.14%,489932,678,90.35%,44007,1.54%,1.67%,50.57,3292.68
2021-02-17,541877,443,389,0.08%,0.07%,8314,16,11,0.19%,0.13%,489254,633,90.29%,44309,1.53%,1.67%,50.48,3290.3
2021-02-16,541434,396,381,0.07%,0.07%,8298,13,10,0.16%,0.12%,488621,751,90.25%,44515,1.53%,1.67%,50.39,3287.61
2021-02-15,541038,446,380,0.08%,0.07%,8285,11,9,0.13%,0.11%,487870,641,90.17%,44883,1.53%,1.67%,50.31,3285.21
2021-02-14,540592,326,361,0.06%,0.07%,8274,8,10,0.1%,0.12%,487229,462,90.13%,45089,1.53%,1.67%,50.24,3282.5
2021-02-13,540266,291,357,0.05%,0.06%,8266,13,11,0.16%,0.13%,486767,374,90.1%,45233,1.53%,1.67%,50.19,3280.52
2021-02-12,539975,444,359,0.08%,0.07%,8253,5,10,0.06%,0.12%,486393,422,90.08%,45329,1.53%,1.67%,50.11,3278.76
2021-02-11,539531,378,357,0.07%,0.07%,8248,9,10,0.11%,0.13%,485971,681,90.07%,45312,1.53%,1.67%,50.08,3276.06
2021-02-10,539153,388,373,0.07%,0.07%,8239,10,11,0.12%,0.14%,485290,717,90.01%,45624,1.53%,1.67%,50.03,3273.76
2021-02-09,538765,387,380,0.07%,0.07%,8229,8,11,0.1%,0.14%,484573,642,89.94%,45963,1.53%,1.67%,49.97,3271.41
2021-02-08,538378,316,399,0.06%,0.07%,8221,16,12,0.2%,0.15%,483931,559,89.89%,46226,1.53%,1.67%,49.92,3269.06
2021-02-07,538062,292,418,0.05%,0.08%,8205,15,11,0.18%,0.14%,483372,531,89.84%,46485,1.52%,1.67%,49.82,3267.14
2021-02-06,537770,305,429,0.06%,0.08%,8190,8,11,0.1%,0.14%,482841,417,89.79%,46739,1.52%,1.67%,49.73,3265.37
2021-02-05,537465,435,437,0.08%,0.08%,8182,7,13,0.09%,0.16%,482424,507,89.76%,46859,1.52%,1.67%,49.68,3263.51
2021-02-04,537030,485,440,0.09%,0.08%,8175,13,13,0.16%,0.16%,481917,611,89.74%,46938,1.52%,1.67%,49.64,3260.87
2021-02-03,536545,438,443,0.08%,0.08%,8162,13,13,0.16%,0.16%,481306,578,89.7%,47077,1.52%,1.67%,49.56,3257.93
2021-02-02,536107,525,456,0.1%,0.09%,8149,12,13,0.15%,0.17%,480728,512,89.67%,47230,1.52%,1.67%,49.48,3255.27
2021-02-01,535582,443,454,0.08%,0.09%,8137,10,14,0.12%,0.17%,480216,472,89.66%,47229,1.52%,1.67%,49.41,3252.08
2021-01-31,535139,369,477,0.07%,0.09%,8127,16,15,0.2%,0.18%,479744,447,89.65%,47268,1.52%,1.67%,49.35,3249.39
2021-01-30,534770,363,492,0.07%,0.09%,8111,17,15,0.21%,0.19%,479297,337,89.63%,47362,1.52%,1.66%,49.25,3247.15
2021-01-29,534407,454,502,0.09%,0.1%,8094,7,16,0.09%,0.2%,478960,414,89.62%,47353,1.51%,1.66%,49.15,3244.95
2021-01-28,533953,509,526,0.1%,0.1%,8087,15,17,0.19%,0.22%,478546,611,89.62%,47320,1.51%,1.66%,49.1,3242.19
2021-01-27,533444,528,537,0.1%,0.1%,8072,17,17,0.21%,0.22%,477935,509,89.59%,47437,1.51%,1.66%,49.01,3239.1
2021-01-26,532916,515,555,0.1%,0.1%,8055,14,16,0.17%,0.2%,477426,447,89.59%,47435,1.51%,1.66%,48.91,3235.89
2021-01-25,532401,602,582,0.11%,0.11%,8041,18,17,0.22%,0.21%,476979,566,89.59%,47381,1.51%,1.66%,48.83,3232.77
2021-01-24,531799,473,595,0.09%,0.11%,8023,20,17,0.25%,0.21%,476413,514,89.59%,47363,1.51%,1.66%,48.72,3229.11
2021-01-23,531326,436,609,0.08%,0.11%,8003,22,17,0.28%,0.22%,475899,338,89.57%,47424,1.51%,1.65%,48.59,3226.24
2021-01-22,530890,619,629,0.12%,0.12%,7981,15,17,0.19%,0.21%,475561,487,89.58%,47348,1.5%,1.65%,48.46,3223.59
2021-01-21,530271,584,650,0.11%,0.12%,7966,16,17,0.2%,0.21%,475074,602,89.59%,47231,1.5%,1.65%,48.37,3219.83
2021-01-20,529687,656,682,0.12%,0.13%,7950,8,17,0.1%,0.21%,474472,617,89.58%,47265,1.5%,1.65%,48.27,3216.29
2021-01-19,529031,702,716,0.13%,0.13%,7942,20,18,0.25%,0.22%,473855,682,89.57%,47234,1.5%,1.65%,48.22,3212.3
2021-01-18,528329,697,718,0.13%,0.14%,7922,16,17,0.2%,0.22%,473173,736,89.56%,47234,1.5%,1.65%,48.1,3208.04
2021-01-17,527632,569,740,0.11%,0.14%,7906,23,18,0.29%,0.23%,472437,681,89.54%,47289,1.5%,1.65%,48.01,3203.81
2021-01-16,527063,578,812,0.11%,0.15%,7883,21,18,0.27%,0.23%,471756,633,89.51%,47424,1.5%,1.64%,47.87,3200.35
2021-01-15,526485,762,828,0.14%,0.16%,7862,13,18,0.17%,0.23%,471123,718,89.48%,47500,1.49%,1.64%,47.74,3196.84
2021-01-14,525723,813,831,0.15%,0.16%,7849,16,19,0.2%,0.24%,470405,883,89.48%,47469,1.49%,1.64%,47.66,3192.22
2021-01-13,524910,890,859,0.17%,0.16%,7833,14,21,0.18%,0.27%,469522,841,89.45%,47555,1.49%,1.64%,47.56,3187.28
2021-01-12,524020,718,871,0.14%,0.17%,7819,16,21,0.21%,0.27%,468681,963,89.44%,47520,1.49%,1.64%,47.48,3181.88
2021-01-11,523302,849,910,0.16%,0.17%,7803,22,22,0.28%,0.28%,467718,917,89.38%,47781,1.49%,1.64%,47.38,3177.52
2021-01-10,522453,1071,919,0.21%,0.18%,7781,25,22,0.32%,0.29%,466801,737,89.35%,47871,1.49%,1.64%,47.25,3172.36
2021-01-09,521382,692,885,0.13%,0.17%,7756,22,22,0.28%,0.29%,466064,785,89.39%,47562,1.49%,1.64%,47.09,3165.86
2021-01-08,520690,785,884,0.15%,0.17%,7734,16,23,0.21%,0.29%,465279,833,89.36%,47677,1.49%,1.64%,46.96,3161.66
2021-01-07,519905,1007,914,0.19%,0.18%,7718,31,23,0.4%,0.3%,464446,966,89.33%,47741,1.48%,1.63%,46.86,3156.89
2021-01-06,518898,978,915,0.19%,0.18%,7687,17,22,0.22%,0.29%,463480,1021,89.32%,47731,1.48%,1.63%,46.68,3150.78
2021-01-05,517920,991,951,0.19%,0.18%,7670,20,23,0.26%,0.3%,462459,944,89.29%,47791,1.48%,1.63%,46.57,3144.84
2021-01-04,516929,910,978,0.18%,0.19%,7650,24,24,0.31%,0.32%,461515,917,89.28%,47764,1.48%,1.63%,46.45,3138.82
2021-01-03,516019,835,982,0.16%,0.19%,7626,27,25,0.36%,0.33%,460598,978,89.26%,47795,1.48%,1.63%,46.31,3133.29
2021-01-02,515184,684,1012,0.13%,0.2%,7599,23,24,0.3%,0.32%,459620,964,89.21%,47965,1.48%,1.63%,46.14,3128.22
2021-01-01,514500,990,1034,0.19%,0.2%,7576,17,25,0.22%,0.34%,458656,1197,89.15%,48268,1.47%,1.62%,46,3124.07
2020-12-31,513510,1014,1058,0.2%,0.21%,7559,28,26,0.37%,0.35%,457459,1389,89.08%,48492,1.47%,1.63%,45.9,3118.06
2020-12-30,512496,1235,1090,0.24%,0.21%,7531,22,25,0.29%,0.33%,456070,1507,88.99%,48895,1.47%,1.62%,45.73,3111.9
2020-12-29,511261,1181,1109,0.23%,0.22%,7509,30,26,0.4%,0.35%,454563,1245,88.91%,49189,1.47%,1.63%,45.6,3104.4
2020-12-28,510080,932,1128,0.18%,0.22%,7479,27,24,0.36%,0.32%,453318,1357,88.87%,49283,1.47%,1.62%,45.41,3097.23
2020-12-27,509148,1049,1205,0.21%,0.24%,7452,24,25,0.32%,0.33%,451961,1473,88.77%,49735,1.46%,1.62%,45.25,3091.57
2020-12-26,508099,834,1220,0.16%,0.24%,7428,30,27,0.41%,0.36%,450488,1685,88.66%,50183,1.46%,1.62%,45.1,3085.2
2020-12-25,507265,1163,1282,0.23%,0.25%,7398,20,26,0.27%,0.35%,448803,2113,88.48%,51064,1.46%,1.62%,44.92,3080.14
2020-12-24,506102,1234,1304,0.24%,0.26%,7378,19,27,0.26%,0.37%,446690,2345,88.26%,52034,1.46%,1.62%,44.8,3073.08
2020-12-23,504868,1367,1290,0.27%,0.26%,7359,30,29,0.41%,0.4%,444345,2416,88.01%,53164,1.46%,1.63%,44.68,3065.58
2020-12-22,503501,1318,1327,0.26%,0.27%,7329,17,29,0.23%,0.4%,441929,2235,87.77%,54243,1.46%,1.63%,44.5,3057.28
2020-12-21,502183,1470,1407,0.29%,0.28%,7312,32,32,0.44%,0.44%,439694,2167,87.56%,55177,1.46%,1.64%,44.4,3049.28
2020-12-20,500713,1153,1454,0.23%,0.29%,7280,38,33,0.52%,0.45%,437527,1926,87.38%,55906,1.45%,1.64%,44.2,3040.35
2020-12-19,499560,1267,1483,0.25%,0.3%,7242,25,32,0.35%,0.45%,435601,1987,87.2%,56717,1.45%,1.64%,43.97,3033.35
2020-12-18,498293,1318,1492,0.27%,0.3%,7217,25,33,0.35%,0.47%,433614,2024,87.02%,57462,1.45%,1.64%,43.82,3025.66
2020-12-17,496975,1134,1573,0.23%,0.32%,7192,36,32,0.5%,0.45%,431590,2239,86.84%,58193,1.45%,1.64%,43.67,3017.66
2020-12-16,495841,1632,1677,0.33%,0.34%,7156,27,32,0.38%,0.46%,429351,2622,86.59%,59334,1.44%,1.64%,43.45,3010.77
2020-12-15,494209,1877,1752,0.38%,0.36%,7129,40,32,0.56%,0.45%,426729,2884,86.35%,60351,1.44%,1.64%,43.29,3000.86
2020-12-14,492332,1799,1798,0.37%,0.37%,7089,37,31,0.52%,0.44%,423845,2949,86.09%,61398,1.44%,1.65%,43.04,2989.46
2020-12-13,490533,1355,1855,0.28%,0.38%,7052,32,31,0.46%,0.44%,420896,3393,85.8%,62585,1.44%,1.65%,42.82,2978.54
2020-12-12,489178,1329,1913,0.27%,0.4%,7020,34,30,0.49%,0.44%,417503,3185,85.35%,64655,1.44%,1.65%,42.63,2970.31
2020-12-11,487849,1884,1980,0.39%,0.41%,6986,19,31,0.27%,0.45%,414318,3866,84.93%,66545,1.43%,1.66%,42.42,2962.24
2020-12-10,485965,1861,2032,0.38%,0.43%,6967,37,31,0.53%,0.46%,410452,4486,84.46%,68546,1.43%,1.67%,42.3,2950.8
2020-12-09,484104,2159,2097,0.45%,0.44%,6930,24,31,0.35%,0.46%,405966,4772,83.86%,71208,1.43%,1.68%,42.08,2939.5
2020-12-08,481945,2202,2103,0.46%,0.44%,6906,32,33,0.47%,0.49%,401194,2571,83.24%,73845,1.43%,1.69%,41.93,2926.39
2020-12-07,479743,2198,2116,0.46%,0.45%,6874,36,33,0.53%,0.49%,398623,2663,83.09%,74246,1.43%,1.7%,41.74,2913.02
2020-12-06,477545,1756,2163,0.37%,0.46%,6838,31,33,0.46%,0.49%,395960,2552,82.92%,74747,1.43%,1.7%,41.52,2899.68
2020-12-05,475789,1798,2167,0.38%,0.46%,6807,35,32,0.52%,0.49%,393408,2457,82.69%,75574,1.43%,1.7%,41.33,2889.02
2020-12-04,473991,2252,2183,0.48%,0.47%,6772,24,33,0.36%,0.49%,390951,2572,82.48%,76268,1.43%,1.7%,41.12,2878.1
2020-12-03,471739,2316,2186,0.49%,0.47%,6748,35,32,0.52%,0.48%,388379,2593,82.33%,76612,1.43%,1.71%,40.97,2864.42
2020-12-02,469423,2198,2182,0.47%,0.47%,6713,38,32,0.57%,0.49%,385786,2562,82.18%,76924,1.43%,1.71%,40.76,2850.36
2020-12-01,467225,2293,2176,0.49%,0.48%,6675,31,32,0.47%,0.5%,383224,2513,82.02%,77326,1.43%,1.71%,40.53,2837.01
2020-11-30,464932,2525,2167,0.55%,0.48%,6644,35,33,0.53%,0.5%,380711,2539,81.89%,77577,1.43%,1.72%,40.34,2823.09
2020-11-29,462407,1788,2152,0.39%,0.48%,6609,29,32,0.44%,0.49%,378172,2287,81.78%,77626,1.43%,1.72%,40.13,2807.76
2020-11-28,460619,1908,2191,0.42%,0.49%,6580,36,33,0.55%,0.51%,375885,2209,81.6%,78154,1.43%,1.72%,39.95,2796.9
2020-11-27,458711,2273,2182,0.5%,0.49%,6544,20,32,0.31%,0.49%,373676,2223,81.46%,78491,1.43%,1.72%,39.74,2785.32
2020-11-26,456438,2292,2183,0.5%,0.49%,6524,37,31,0.57%,0.49%,371453,2274,81.38%,78461,1.43%,1.73%,39.61,2771.51
2020-11-25,454146,2156,2193,0.48%,0.49%,6487,39,30,0.6%,0.48%,369179,2302,81.29%,78480,1.43%,1.73%,39.39,2757.6
2020-11-24,451990,2230,2187,0.5%,0.49%,6448,32,28,0.5%,0.44%,366877,2266,81.17%,78665,1.43%,1.73%,39.15,2744.51
2020-11-23,449760,2419,2184,0.54%,0.5%,6416,28,29,0.44%,0.46%,364611,2183,81.07%,78733,1.43%,1.73%,38.96,2730.97
2020-11-22,447341,2060,2144,0.46%,0.49%,6388,38,28,0.6%,0.44%,362428,2076,81.02%,78525,1.43%,1.73%,38.79,2716.28
2020-11-21,445281,1847,2112,0.42%,0.48%,6350,28,25,0.44%,0.41%,360352,1921,80.93%,78579,1.43%,1.73%,38.56,2703.77
2020-11-20,443434,2275,2067,0.52%,0.48%,6322,17,23,0.27%,0.38%,358431,1709,80.83%,78681,1.43%,1.73%,38.39,2692.55
2020-11-19,441159,2364,1994,0.54%,0.46%,6305,30,24,0.48%,0.38%,356722,1934,80.86%,78132,1.43%,1.74%,38.28,2678.74
2020-11-18,438795,2111,1920,0.48%,0.44%,6275,21,21,0.34%,0.34%,354788,1893,80.86%,77732,1.43%,1.74%,38.1,2664.39
2020-11-17,436684,2212,1866,0.51%,0.43%,6254,39,21,0.63%,0.34%,352895,1749,80.81%,77535,1.43%,1.74%,37.97,2651.57
2020-11-16,434472,2139,1793,0.49%,0.42%,6215,21,18,0.34%,0.29%,351146,1604,80.82%,77111,1.43%,1.74%,37.74,2638.14
2020-11-15,432333,1837,1728,0.43%,0.41%,6194,21,18,0.34%,0.3%,349542,1693,80.85%,76597,1.43%,1.74%,37.61,2625.15
2020-11-14,430496,1531,1676,0.36%,0.39%,6173,14,18,0.23%,0.29%,347849,1462,80.8%,76474,1.43%,1.74%,37.48,2613.99
2020-11-13,428965,1767,1641,0.41%,0.39%,6159,19,18,0.31%,0.29%,346387,1519,80.75%,76419,1.44%,1.75%,37.4,2604.7
2020-11-12,427198,1845,1599,0.43%,0.38%,6140,13,17,0.21%,0.28%,344868,1737,80.73%,76190,1.44%,1.75%,37.28,2593.97
2020-11-11,425353,1733,1598,0.41%,0.38%,6127,19,18,0.31%,0.29%,343131,1715,80.67%,76095,1.44%,1.75%,37.2,2582.77
2020-11-10,423620,1699,1568,0.4%,0.37%,6108,16,18,0.26%,0.3%,341416,1648,80.59%,76096,1.44%,1.76%,37.09,2572.24
2020-11-09,421921,1683,1562,0.4%,0.37%,6092,25,18,0.41%,0.3%,339768,1623,80.53%,76061,1.44%,1.76%,36.99,2561.93
2020-11-08,420238,1474,1569,0.35%,0.38%,6067,18,18,0.3%,0.3%,338145,1577,80.47%,76026,1.44%,1.76%,36.84,2551.71
2020-11-07,418764,1289,1583,0.31%,0.38%,6049,13,18,0.22%,0.3%,336568,1541,80.37%,76147,1.44%,1.77%,36.73,2542.76
2020-11-06,417475,1469,1587,0.35%,0.38%,6036,15,19,0.25%,0.31%,335027,1439,80.25%,76412,1.45%,1.77%,36.65,2534.93
2020-11-05,416006,1842,1607,0.44%,0.39%,6021,17,19,0.28%,0.32%,333588,1891,80.19%,76397,1.45%,1.77%,36.56,2526.01
2020-11-04,414164,1517,1584,0.37%,0.39%,6004,21,20,0.35%,0.34%,331697,1910,80.09%,76463,1.45%,1.78%,36.46,2514.82
2020-11-03,412647,1659,1580,0.4%,0.39%,5983,17,21,0.28%,0.35%,329787,1886,79.92%,76877,1.45%,1.78%,36.33,2505.61
2020-11-02,410988,1736,1534,0.42%,0.38%,5966,25,21,0.42%,0.36%,327901,1961,79.78%,77121,1.45%,1.79%,36.23,2495.54
2020-11-01,409252,1568,1491,0.38%,0.37%,5941,18,20,0.3%,0.33%,325940,1795,79.64%,77371,1.45%,1.79%,36.07,2485
2020-10-31,407684,1320,1454,0.32%,0.36%,5923,18,20,0.3%,0.35%,324145,1442,79.51%,77616,1.45%,1.79%,35.96,2475.48
2020-10-30,406364,1604,1422,0.4%,0.36%,5905,19,21,0.32%,0.35%,322703,1422,79.41%,77756,1.45%,1.8%,35.86,2467.46
2020-10-29,404760,1681,1419,0.42%,0.36%,5886,25,20,0.43%,0.34%,321281,1548,79.38%,77593,1.45%,1.8%,35.74,2457.72
2020-10-28,403079,1493,1421,0.37%,0.36%,5861,23,20,0.39%,0.34%,319733,1610,79.32%,77485,1.45%,1.8%,35.59,2447.52
2020-10-27,401586,1335,1429,0.33%,0.36%,5838,20,20,0.34%,0.34%,318123,1523,79.22%,77625,1.45%,1.8%,35.45,2438.45
2020-10-26,400251,1436,1435,0.36%,0.36%,5818,15,20,0.26%,0.34%,316600,1493,79.1%,77833,1.45%,1.8%,35.33,2430.34
2020-10-25,398815,1308,1464,0.33%,0.37%,5803,23,20,0.4%,0.36%,315107,1544,79.01%,77905,1.46%,1.81%,35.24,2421.63
2020-10-24,397507,1094,1459,0.28%,0.37%,5780,19,19,0.33%,0.34%,313563,1498,78.88%,78164,1.45%,1.81%,35.1,2413.68
2020-10-23,396413,1586,1475,0.4%,0.38%,5761,14,20,0.24%,0.35%,312065,1533,78.72%,78587,1.45%,1.81%,34.98,2407.04
2020-10-22,394827,1696,1467,0.43%,0.38%,5747,24,20,0.42%,0.35%,310532,1687,78.65%,78548,1.46%,1.82%,34.9,2397.41
2020-10-21,393131,1545,1453,0.39%,0.37%,5723,24,19,0.42%,0.33%,308845,1704,78.56%,78563,1.46%,1.82%,34.75,2387.11
2020-10-20,391586,1380,1473,0.35%,0.38%,5699,18,17,0.32%,0.31%,307141,1542,78.44%,78746,1.46%,1.82%,34.6,2377.73
2020-10-19,390206,1637,1495,0.42%,0.39%,5681,21,18,0.37%,0.32%,305599,1627,78.32%,78926,1.46%,1.83%,34.5,2369.35
2020-10-18,388569,1274,1472,0.33%,0.38%,5660,14,19,0.25%,0.35%,303972,1674,78.23%,78937,1.46%,1.83%,34.37,2359.41
2020-10-17,387295,1209,1460,0.31%,0.38%,5646,23,21,0.41%,0.38%,302298,1560,78.05%,79351,1.46%,1.83%,34.28,2351.67
2020-10-16,386086,1527,1459,0.4%,0.38%,5623,15,21,0.27%,0.38%,300738,1509,77.89%,79725,1.46%,1.84%,34.14,2344.33
2020-10-15,384559,1600,1424,0.42%,0.38%,5608,15,21,0.27%,0.38%,299229,1780,77.81%,79722,1.46%,1.84%,34.05,2335.06
2020-10-14,382959,1684,1401,0.44%,0.37%,5593,16,22,0.29%,0.4%,297449,1576,77.67%,79917,1.46%,1.85%,33.96,2325.35
2020-10-13,381275,1537,1378,0.4%,0.37%,5577,22,25,0.4%,0.45%,295873,1482,77.6%,79825,1.46%,1.85%,33.86,2315.12
2020-10-12,379738,1472,1372,0.39%,0.37%,5555,31,26,0.56%,0.47%,294391,1531,77.52%,79792,1.46%,1.85%,33.73,2305.79
2020-10-11,378266,1193,1368,0.32%,0.37%,5524,24,25,0.44%,0.46%,292860,1495,77.42%,79882,1.46%,1.85%,33.54,2296.85
2020-10-10,377073,1203,1358,0.32%,0.37%,5500,23,25,0.42%,0.46%,291365,1453,77.27%,80208,1.46%,1.85%,33.4,2289.61
2020-10-09,375870,1278,1355,0.34%,0.37%,5477,17,25,0.31%,0.46%,289912,1596,77.13%,80481,1.46%,1.85%,33.26,2282.3
2020-10-08,374592,1441,1372,0.39%,0.37%,5460,20,27,0.37%,0.5%,288316,1685,76.97%,80816,1.46%,1.86%,33.15,2274.54
2020-10-07,373151,1520,1382,0.41%,0.37%,5440,35,27,0.65%,0.51%,286631,1798,76.81%,81080,1.46%,1.86%,33.03,2265.79
2020-10-06,371631,1499,1370,0.4%,0.37%,5405,30,27,0.56%,0.5%,284833,1651,76.64%,81393,1.45%,1.86%,32.82,2256.56
2020-10-05,370132,1442,1368,0.39%,0.37%,5375,27,26,0.5%,0.49%,283182,1526,76.51%,81575,1.45%,1.86%,32.64,2247.46
2020-10-04,368690,1125,1363,0.31%,0.37%,5348,23,27,0.43%,0.51%,281656,1587,76.39%,81686,1.45%,1.86%,32.47,2238.7
2020-10-03,367565,1182,1385,0.32%,0.38%,5325,20,28,0.38%,0.54%,280069,1442,76.2%,82171,1.45%,1.87%,32.33,2231.87
2020-10-02,366383,1396,1374,0.38%,0.38%,5305,33,30,0.63%,0.58%,278627,1549,76.05%,82451,1.45%,1.87%,32.21,2224.7
2020-10-01,364987,1508,1372,0.41%,0.38%,5272,21,29,0.4%,0.55%,277078,1591,75.91%,82637,1.44%,1.87%,32.01,2216.22
2020-09-30,363479,1436,1376,0.4%,0.39%,5251,32,30,0.61%,0.58%,275487,1789,75.79%,82741,1.44%,1.87%,31.88,2207.06
2020-09-29,362043,1488,1409,0.41%,0.4%,5219,26,30,0.5%,0.59%,273698,1625,75.6%,83126,1.44%,1.87%,31.69,2198.34
2020-09-28,360555,1407,1419,0.39%,0.4%,5193,32,31,0.62%,0.6%,272073,1582,75.46%,83289,1.44%,1.87%,31.53,2189.31
2020-09-27,359148,1275,1461,0.36%,0.41%,5161,32,32,0.62%,0.63%,270491,1714,75.31%,83496,1.44%,1.87%,31.34,2180.76
2020-09-26,357873,1106,1500,0.31%,0.43%,5129,36,31,0.71%,0.62%,268777,1753,75.1%,83967,1.43%,1.87%,31.14,2173.02
2020-09-25,356767,1383,1566,0.39%,0.45%,5093,21,30,0.41%,0.61%,267024,1932,74.85%,84650,1.43%,1.87%,30.92,2166.31
2020-09-24,355384,1540,1589,0.44%,0.46%,5072,28,30,0.56%,0.62%,265092,2139,74.59%,85220,1.43%,1.88%,30.8,2157.91
2020-09-23,353844,1666,1596,0.47%,0.46%,5044,37,32,0.74%,0.64%,262953,2163,74.31%,85847,1.43%,1.88%,30.63,2148.56
2020-09-22,352178,1557,1589,0.44%,0.46%,5007,28,29,0.56%,0.6%,260790,2073,74.05%,86381,1.42%,1.88%,30.4,2138.44
2020-09-21,350621,1703,1613,0.49%,0.47%,4979,40,31,0.81%,0.65%,258717,2152,73.79%,86925,1.42%,1.89%,30.23,2128.99
2020-09-20,348918,1546,1628,0.45%,0.48%,4939,26,29,0.53%,0.61%,256565,2179,73.53%,87414,1.42%,1.89%,29.99,2118.65
2020-09-19,347372,1567,1618,0.45%,0.47%,4913,32,30,0.66%,0.63%,254386,2051,73.23%,88073,1.41%,1.89%,29.83,2109.26
2020-09-18,345805,1541,1578,0.45%,0.46%,4881,22,30,0.45%,0.64%,252335,1923,72.97%,88589,1.41%,1.9%,29.64,2099.75
2020-09-17,344264,1593,1613,0.46%,0.48%,4859,36,32,0.75%,0.68%,250412,2443,72.74%,88993,1.41%,1.9%,29.5,2090.39
2020-09-16,342671,1615,1656,0.47%,0.49%,4823,21,33,0.44%,0.7%,247969,2375,72.36%,89879,1.41%,1.91%,29.29,2080.72
2020-09-15,341056,1724,1686,0.51%,0.5%,4802,43,36,0.9%,0.77%,245594,2439,72.01%,90660,1.41%,1.92%,29.16,2070.91
2020-09-14,339332,1812,1710,0.54%,0.51%,4759,26,35,0.55%,0.75%,243155,2512,71.66%,91418,1.4%,1.92%,28.9,2060.44
2020-09-13,337520,1476,1766,0.44%,0.53%,4733,31,36,0.66%,0.79%,240643,2372,71.3%,92144,1.4%,1.93%,28.74,2049.44
2020-09-12,336044,1282,1783,0.38%,0.54%,4702,34,36,0.73%,0.8%,238271,2247,70.9%,93071,1.4%,1.94%,28.55,2040.48
2020-09-11,334762,1792,1878,0.54%,0.57%,4668,34,37,0.73%,0.81%,236024,2474,70.51%,94070,1.39%,1.94%,28.34,2032.69
2020-09-10,332970,1892,1898,0.57%,0.58%,4634,41,36,0.89%,0.8%,233550,2746,70.14%,94786,1.39%,1.95%,28.14,2021.81
2020-09-09,331078,1827,1936,0.55%,0.6%,4593,41,35,0.9%,0.78%,230804,2995,69.71%,95681,1.39%,1.95%,27.89,2010.32
2020-09-08,329251,1892,2044,0.58%,0.64%,4552,36,34,0.8%,0.76%,227809,3236,69.19%,96890,1.38%,1.96%,27.64,1999.23
2020-09-07,327359,2202,2052,0.68%,0.64%,4516,37,34,0.83%,0.77%,224573,3298,68.6%,98270,1.38%,1.97%,27.42,1987.74
2020-09-06,325157,1592,2048,0.49%,0.65%,4479,32,33,0.72%,0.76%,221275,3423,68.05%,99403,1.38%,1.98%,27.2,1974.37
2020-09-05,323565,1950,2091,0.61%,0.66%,4447,35,34,0.79%,0.8%,217852,1661,67.33%,101266,1.37%,2%,27,1964.7
2020-09-04,321615,1929,2117,0.6%,0.67%,4412,29,34,0.66%,0.8%,216191,2211,67.22%,101012,1.37%,2%,26.79,1952.86
2020-09-03,319686,2158,2158,0.68%,0.69%,4383,32,37,0.74%,0.87%,213980,2964,66.93%,101323,1.37%,2.01%,26.61,1941.15
2020-09-02,317528,2582,2197,0.82%,0.71%,4351,35,38,0.81%,0.92%,211016,2839,66.46%,102161,1.37%,2.02%,26.42,1928.05
2020-09-01,314946,1950,2188,0.62%,0.71%,4316,35,41,0.82%,0.99%,208177,3290,66.1%,102453,1.37%,2.03%,26.21,1912.37
2020-08-31,312996,2174,2273,0.7%,0.75%,4281,33,43,0.78%,1.04%,204887,2980,65.46%,103828,1.37%,2.05%,25.99,1900.53
2020-08-30,310822,1897,2318,0.61%,0.77%,4248,42,44,1%,1.08%,201907,3044,64.96%,104667,1.37%,2.06%,25.79,1887.33
2020-08-29,308925,2131,2329,0.69%,0.78%,4206,32,43,0.77%,1.06%,198863,2027,64.37%,105856,1.36%,2.07%,25.54,1875.81
2020-08-28,306794,2211,2348,0.73%,0.79%,4174,47,45,1.14%,1.12%,196836,3378,64.16%,105784,1.36%,2.08%,25.34,1862.87
2020-08-27,304583,2436,2375,0.81%,0.8%,4127,45,44,1.1%,1.1%,193458,3275,63.52%,106998,1.35%,2.09%,25.06,1849.44
2020-08-26,302147,2519,2437,0.84%,0.83%,4082,54,43,1.34%,1.1%,190183,3427,62.94%,107882,1.35%,2.1%,24.79,1834.65
2020-08-25,299628,2545,2469,0.86%,0.85%,4028,45,41,1.13%,1.07%,186756,3881,62.33%,108844,1.34%,2.11%,24.46,1819.36
2020-08-24,297083,2485,2563,0.84%,0.89%,3983,42,41,1.07%,1.08%,182875,3784,61.56%,110225,1.34%,2.13%,24.18,1803.9
2020-08-23,294598,1973,2578,0.67%,0.91%,3941,34,41,0.87%,1.07%,179091,3524,60.79%,111566,1.34%,2.15%,23.93,1788.81
2020-08-22,292625,2265,2586,0.78%,0.92%,3907,46,40,1.19%,1.08%,175567,2952,60%,113151,1.34%,2.18%,23.72,1776.83
2020-08-21,290360,2401,2640,0.83%,0.94%,3861,39,39,1.02%,1.04%,172615,3624,59.45%,113884,1.33%,2.19%,23.44,1763.08
2020-08-20,287959,2868,2692,1.01%,0.97%,3822,41,38,1.08%,1.03%,168991,3253,58.69%,115146,1.33%,2.21%,23.21,1748.5
2020-08-19,285091,2747,2656,0.97%,0.97%,3781,41,38,1.1%,1.06%,165738,2913,58.14%,115572,1.33%,2.23%,22.96,1731.09
2020-08-18,282344,3200,2692,1.15%,0.99%,3740,46,38,1.25%,1.07%,162825,2234,57.67%,115779,1.32%,2.25%,22.71,1714.41
2020-08-17,279144,2595,2662,0.94%,0.99%,3694,37,37,1.01%,1.03%,160591,1641,57.53%,114859,1.32%,2.25%,22.43,1694.98
2020-08-16,276549,2024,2707,0.74%,1.02%,3657,32,37,0.88%,1.05%,158950,1315,57.48%,113942,1.32%,2.25%,22.21,1679.22
2020-08-15,274525,2644,2773,0.97%,1.05%,3625,34,37,0.95%,1.07%,157635,1012,57.42%,113265,1.32%,2.25%,22.01,1666.93
2020-08-14,271881,2766,2768,1.03%,1.06%,3591,34,37,0.96%,1.07%,156623,1752,57.61%,111667,1.32%,2.24%,21.8,1650.88
2020-08-13,269115,2617,2781,0.98%,1.08%,3557,44,36,1.25%,1.05%,154871,1782,57.55%,110687,1.32%,2.25%,21.6,1634.08
2020-08-12,266498,2995,2832,1.14%,1.11%,3513,42,35,1.21%,1.04%,153089,1117,57.44%,109896,1.32%,2.24%,21.33,1618.19
2020-08-11,263503,2996,2783,1.15%,1.1%,3471,33,34,0.96%,1.02%,151972,1535,57.67%,108060,1.32%,2.23%,21.08,1600
2020-08-10,260507,2907,2629,1.13%,1.05%,3438,39,36,1.15%,1.1%,150437,2067,57.75%,106632,1.32%,2.23%,20.88,1581.81
2020-08-09,257600,2487,2408,0.97%,0.97%,3399,34,35,1.01%,1.07%,148370,1766,57.6%,105831,1.32%,2.24%,20.64,1564.16
2020-08-08,255113,2611,2179,1.03%,0.88%,3365,32,33,0.96%,1.03%,146604,1020,57.47%,105144,1.32%,2.24%,20.43,1549.06
2020-08-07,252502,2851,2120,1.14%,0.87%,3333,27,32,0.82%,0.99%,145584,1760,57.66%,103585,1.32%,2.24%,20.24,1533.21
2020-08-06,249651,2977,2109,1.21%,0.88%,3306,39,32,1.19%,1%,143824,2074,57.61%,102521,1.32%,2.25%,20.07,1515.89
2020-08-05,246674,2654,2069,1.09%,0.87%,3267,33,33,1.02%,1.06%,141750,1890,57.46%,101657,1.32%,2.25%,19.84,1497.82
2020-08-04,244020,1918,2119,0.79%,0.9%,3234,50,33,1.57%,1.08%,139860,1955,57.31%,100926,1.33%,2.26%,19.64,1481.7
2020-08-03,242102,1356,2268,0.56%,0.97%,3184,30,31,0.95%,1.02%,137905,1066,56.96%,101013,1.32%,2.26%,19.33,1470.06
2020-08-02,240746,886,2470,0.37%,1.07%,3154,22,32,0.7%,1.07%,136839,586,56.84%,100753,1.31%,2.25%,19.15,1461.82
2020-08-01,239860,2199,2669,0.93%,1.17%,3132,21,37,0.68%,1.24%,136253,1117,56.81%,100475,1.31%,2.25%,19.02,1456.44
2020-07-31,237661,2772,2715,1.18%,1.2%,3111,28,39,0.91%,1.33%,135136,2176,56.86%,99414,1.31%,2.25%,18.89,1443.09
2020-07-30,234889,2695,2683,1.16%,1.2%,3083,48,40,1.58%,1.38%,132960,2668,56.61%,98846,1.31%,2.27%,18.72,1426.26
2020-07-29,232194,3009,2706,1.31%,1.22%,3035,35,41,1.17%,1.41%,130292,2878,56.11%,98867,1.31%,2.28%,18.43,1409.89
2020-07-28,229185,2960,2668,1.31%,1.22%,3000,35,42,1.18%,1.47%,127414,1731,55.59%,98771,1.31%,2.3%,18.22,1391.62
2020-07-27,226225,2772,2682,1.24%,1.24%,2965,37,42,1.26%,1.52%,125683,1801,55.56%,97577,1.31%,2.3%,18,1373.65
2020-07-26,223453,2275,2704,1.03%,1.27%,2928,54,44,1.88%,1.61%,123882,1792,55.44%,96643,1.31%,2.31%,17.78,1356.82
2020-07-25,221178,2520,2730,1.15%,1.3%,2874,38,42,1.34%,1.55%,122090,1114,55.2%,96214,1.3%,2.3%,17.45,1343
2020-07-24,218658,2548,2757,1.18%,1.33%,2836,35,41,1.25%,1.55%,120976,1768,55.33%,94846,1.3%,2.29%,17.22,1327.7
2020-07-23,216110,2856,2827,1.34%,1.38%,2801,50,44,1.82%,1.66%,119208,2006,55.16%,94101,1.3%,2.3%,17.01,1312.23
2020-07-22,213254,2744,2809,1.3%,1.39%,2751,42,42,1.55%,1.63%,117202,1805,54.96%,93301,1.29%,2.29%,16.7,1294.89
2020-07-21,210510,3057,2922,1.47%,1.47%,2709,41,41,1.54%,1.6%,115397,1841,54.82%,92404,1.29%,2.29%,16.45,1278.23
2020-07-20,207453,2928,2937,1.43%,1.5%,2668,50,40,1.91%,1.58%,113556,1914,54.74%,91229,1.29%,2.3%,16.2,1259.67
2020-07-19,204525,2459,2961,1.22%,1.54%,2618,37,38,1.43%,1.54%,111642,1544,54.59%,90265,1.28%,2.29%,15.9,1241.89
2020-07-18,202066,2709,2991,1.36%,1.58%,2581,34,39,1.33%,1.63%,110098,1373,54.49%,89387,1.28%,2.29%,15.67,1226.96
2020-07-17,199357,3034,2988,1.55%,1.6%,2547,51,39,2.04%,1.63%,108725,1762,54.54%,88085,1.28%,2.29%,15.47,1210.51
2020-07-16,196323,2733,2976,1.41%,1.62%,2496,39,37,1.59%,1.57%,106963,1440,54.48%,86864,1.27%,2.28%,15.16,1192.08
2020-07-15,193590,3533,3065,1.86%,1.69%,2457,33,37,1.36%,1.61%,105523,2296,54.51%,85610,1.27%,2.28%,14.92,1175.49
2020-07-14,190057,3163,3059,1.69%,1.72%,2424,33,39,1.38%,1.72%,103227,4910,54.31%,84406,1.28%,2.29%,14.72,1154.04
2020-07-13,186894,3099,3039,1.69%,1.74%,2391,39,42,1.66%,1.9%,98317,4703,52.61%,86186,1.28%,2.37%,14.52,1134.83
2020-07-12,183795,2666,3054,1.47%,1.78%,2352,47,43,2.04%,1.97%,93614,5580,50.93%,87829,1.28%,2.45%,14.28,1116.01
2020-07-11,181129,2686,3064,1.51%,1.82%,2305,30,44,1.32%,2.07%,88034,1628,48.6%,90790,1.27%,2.55%,14,1099.82
2020-07-10,178443,2949,3150,1.68%,1.9%,2275,37,44,1.65%,2.09%,86406,1862,48.42%,89762,1.27%,2.57%,13.81,1083.51
2020-07-09,175494,3360,3174,1.95%,1.95%,2238,41,45,1.87%,2.17%,84544,3706,48.17%,88712,1.28%,2.58%,13.59,1065.61
2020-07-08,172134,3489,3268,2.07%,2.06%,2197,46,44,2.14%,2.19%,80838,2736,46.96%,89099,1.28%,2.65%,13.34,1045.21
2020-07-07,168645,3027,3309,1.83%,2.13%,2151,55,43,2.62%,2.2%,78102,1953,46.31%,88392,1.28%,2.68%,13.06,1024.02
2020-07-06,165618,3201,3402,1.97%,2.24%,2096,44,45,2.14%,2.34%,76149,3524,45.98%,87373,1.27%,2.68%,12.73,1005.64
2020-07-05,162417,2738,3519,1.71%,2.38%,2052,55,45,2.75%,2.4%,72625,1904,44.72%,87740,1.26%,2.75%,12.46,986.2
2020-07-04,159679,3288,3672,2.1%,2.54%,1997,29,43,1.47%,2.37%,70721,2673,44.29%,86961,1.25%,2.75%,12.13,969.58
2020-07-03,156391,3114,3702,2.03%,2.62%,1968,42,44,2.18%,2.45%,68048,1606,43.51%,86375,1.26%,2.81%,11.95,949.61
2020-07-02,153277,4019,3810,2.69%,2.77%,1926,38,44,2.01%,2.5%,66442,4334,43.35%,84909,1.26%,2.82%,11.69,930.71
2020-07-01,149258,3775,3800,2.59%,2.84%,1888,41,44,2.22%,2.56%,62108,2484,41.61%,85262,1.26%,2.95%,11.46,906.3
2020-06-30,145483,3682,3755,2.6%,2.89%,1847,64,43,3.59%,2.59%,59624,1844,40.98%,84012,1.27%,3%,11.22,883.38
2020-06-29,141801,4014,3716,2.91%,2.94%,1783,45,40,2.59%,2.48%,57780,2053,40.75%,82238,1.26%,2.99%,10.83,861.02
2020-06-28,137787,3809,3640,2.84%,2.97%,1738,43,39,2.54%,2.48%,55727,1409,40.44%,80322,1.26%,3.02%,10.55,836.65
2020-06-27,133978,3504,3600,2.69%,3.02%,1695,34,39,2.05%,2.51%,54318,1185,40.54%,77965,1.27%,3.03%,10.29,813.52
2020-06-26,130474,3868,3563,3.06%,3.08%,1661,40,39,2.47%,2.6%,53133,1638,40.72%,75680,1.27%,3.03%,10.09,792.24
2020-06-25,126606,3946,3473,3.22%,3.09%,1621,39,40,2.47%,2.73%,51495,1829,40.67%,73490,1.28%,3.05%,9.84,768.76
2020-06-24,122660,3462,3453,2.9%,3.19%,1582,37,40,2.39%,2.79%,49666,2031,40.49%,71412,1.29%,3.09%,9.61,744.8
2020-06-23,119198,3412,3531,2.95%,3.38%,1545,43,40,2.86%,2.93%,47635,880,39.96%,70018,1.3%,3.14%,9.38,723.78
2020-06-22,115786,3480,3595,3.1%,3.56%,1502,38,42,2.6%,3.15%,46755,1678,40.38%,67529,1.3%,3.11%,9.12,703.06
2020-06-21,112306,3531,3541,3.25%,3.63%,1464,39,42,2.74%,3.24%,45077,1084,40.14%,65765,1.3%,3.15%,8.89,681.93
2020-06-20,108775,3240,3485,3.07%,3.69%,1425,37,41,2.67%,3.25%,43993,1048,40.44%,63357,1.31%,3.14%,8.65,660.49
2020-06-19,105535,3243,3430,3.17%,3.76%,1388,45,42,3.35%,3.45%,42945,2781,40.69%,61202,1.32%,3.13%,8.43,640.81
2020-06-18,102292,3803,3463,3.86%,3.94%,1343,38,42,2.91%,3.6%,40164,1975,39.26%,60785,1.31%,3.24%,8.15,621.12
2020-06-17,98489,4008,3375,4.24%,4%,1305,43,42,3.41%,3.7%,38189,1925,38.77%,58995,1.33%,3.3%,7.92,598.03
2020-06-16,94481,3862,3258,4.26%,4.03%,1262,53,41,4.38%,3.76%,36264,17533,38.38%,56955,1.34%,3.36%,7.66,573.69
2020-06-15,90619,3099,3159,3.54%,4.08%,1209,38,40,3.25%,3.82%,18731,1,20.67%,70679,1.33%,6.06%,7.34,550.24
2020-06-14,87520,3141,3107,3.72%,4.17%,1171,32,40,2.81%,4.03%,18730,902,21.4%,67619,1.34%,5.88%,7.11,531.43
2020-06-13,84379,2856,3050,3.5%,4.26%,1139,44,42,4.02%,4.34%,17828,579,21.13%,65412,1.35%,6.01%,6.92,512.35
2020-06-12,81523,3471,3019,4.45%,4.38%,1095,46,41,4.39%,4.38%,17249,502,21.16%,63179,1.34%,5.97%,6.65,495.01
2020-06-11,78052,3187,2927,4.26%,4.45%,1049,37,38,3.66%,4.31%,16747,847,21.46%,60256,1.34%,5.89%,6.37,473.94
2020-06-10,74865,3190,2818,4.45%,4.46%,1012,37,38,3.79%,4.45%,15900,563,21.24%,57953,1.35%,5.98%,6.14,454.58
2020-06-09,71675,3171,2747,4.63%,4.56%,975,45,38,4.84%,4.66%,15337,777,21.4%,55363,1.36%,5.98%,5.92,435.21
2020-06-08,68504,2735,2710,4.16%,4.74%,930,42,37,4.73%,4.75%,14560,657,21.25%,53014,1.36%,6%,5.65,415.96
2020-06-07,65769,2743,2659,4.35%,4.87%,888,42,34,4.96%,4.56%,13903,578,21.14%,50978,1.35%,6%,5.39,399.35
2020-06-06,63026,2635,2631,4.36%,5.06%,846,35,34,4.32%,4.79%,13325,521,21.14%,48855,1.34%,5.97%,5.14,382.7
2020-06-05,60391,2828,2507,4.91%,5.03%,811,30,33,3.84%,4.86%,12804,643,21.2%,46776,1.34%,5.96%,4.92,366.7
2020-06-04,57563,2423,2463,4.39%,5.22%,781,35,32,4.69%,4.9%,12161,571,21.13%,44621,1.36%,6.03%,4.74,349.53
2020-06-03,55140,2695,2407,5.14%,5.35%,746,37,29,5.22%,4.62%,11590,470,21.02%,42804,1.35%,6.05%,4.53,334.81
2020-06-02,52445,2911,2242,5.88%,5.22%,709,37,27,5.51%,4.48%,11120,523,21.2%,40616,1.35%,5.99%,4.31,318.45
2020-06-01,49534,2381,1993,5.05%,4.84%,672,22,24,3.38%,4.29%,10597,816,21.39%,38265,1.36%,5.96%,4.08,300.77
2020-05-31,47153,2545,1935,5.71%,4.96%,650,40,24,6.56%,4.43%,9781,406,20.74%,36722,1.38%,6.23%,3.95,286.32
2020-05-30,44608,1764,1790,4.12%,4.83%,610,28,23,4.81%,4.38%,9375,360,21.02%,34623,1.37%,6.11%,3.7,270.86
2020-05-29,42844,2523,1806,6.26%,5.13%,582,23,21,4.11%,4.35%,9015,590,21.04%,33247,1.36%,6.06%,3.53,260.15
2020-05-28,40321,2029,1687,5.3%,5.08%,559,15,22,2.76%,4.61%,8425,500,20.89%,31337,1.39%,6.22%,3.39,244.83
2020-05-27,38292,1541,1651,4.19%,5.27%,544,22,23,4.21%,5.03%,7925,346,20.7%,29823,1.42%,6.42%,3.3,232.51
2020-05-26,36751,1166,1661,3.28%,5.59%,522,21,22,4.19%,5.04%,7579,245,20.62%,28650,1.42%,6.44%,3.17,223.15
2020-05-25,35585,1975,1674,5.88%,5.87%,501,21,22,4.38%,5.3%,7334,433,20.61%,27750,1.41%,6.39%,3.04,216.07
2020-05-24,33610,1532,1620,4.78%,6.06%,480,28,22,6.19%,5.59%,6901,415,20.53%,26229,1.43%,6.5%,2.91,204.08
2020-05-23,32078,1873,1583,6.2%,6.24%,452,20,20,4.63%,5.34%,6486,296,20.22%,25140,1.41%,6.51%,2.74,194.78
2020-05-22,30205,1694,1449,5.94%,6.02%,432,24,19,5.88%,5.45%,6190,588,20.49%,23583,1.43%,6.52%,2.62,183.41
2020-05-21,28511,1773,1378,6.63%,6.08%,408,22,18,5.7%,5.37%,5602,395,19.65%,22501,1.43%,6.79%,2.48,173.12
2020-05-20,26738,1617,1274,6.44%,5.97%,386,16,17,4.32%,5.3%,5207,214,19.47%,21145,1.44%,6.9%,2.34,162.35
2020-05-19,25121,1251,1209,5.24%,6.04%,370,21,17,6.02%,5.76%,4993,408,19.88%,19758,1.47%,6.9%,2.25,152.54
2020-05-18,23870,1602,1168,7.19%,6.18%,349,21,16,6.4%,5.56%,4585,212,19.21%,18936,1.46%,7.07%,2.12,144.94
2020-05-17,22268,1273,1087,6.06%,6.16%,328,14,14,4.46%,5.34%,4373,256,19.64%,17567,1.47%,6.98%,1.99,135.21
2020-05-16,20995,930,1032,4.63%,6.21%,314,16,14,5.37%,5.63%,4117,235,19.61%,16564,1.5%,7.09%,1.91,127.48
2020-05-15,20065,1202,990,6.37%,6.24%,298,15,13,5.3%,5.42%,3882,521,19.35%,15885,1.49%,7.13%,1.81,121.84
2020-05-14,18863,1041,920,5.84%,6.15%,283,14,12,5.2%,5.17%,3361,0,17.82%,15219,1.5%,7.77%,1.72,114.54
2020-05-13,17822,1162,872,6.97%,6.17%,269,19,12,7.6%,5.42%,3361,214,18.86%,14192,1.51%,7.41%,1.63,108.22
2020-05-12,16660,969,819,6.18%,6.21%,250,11,10,4.6%,4.57%,3147,245,18.89%,13263,1.5%,7.36%,1.52,101.16
2020-05-11,15691,1034,793,7.05%,6.43%,239,11,8,4.82%,3.99%,2902,252,18.49%,12550,1.52%,7.61%,1.45,95.28
2020-05-10,14657,887,743,6.44%,6.47%,228,14,7,6.54%,3.71%,2650,236,18.08%,11779,1.56%,7.92%,1.38,89
2020-05-09,13770,636,711,4.84%,6.63%,214,8,6,3.88%,2.93%,2414,313,17.53%,11142,1.55%,8.14%,1.3,83.61
2020-05-08,13134,709,699,5.71%,6.89%,206,7,5,3.52%,2.8%,2101,191,16%,10827,1.57%,8.93%,1.25,79.75
2020-05-07,12425,706,680,6.02%,7.14%,199,13,4,6.99%,2.47%,1910,507,15.37%,10316,1.6%,9.44%,1.21,75.45
2020-05-06,11719,790,659,7.23%,7.42%,186,3,3,1.64%,1.91%,1403,0,11.97%,10130,1.59%,11.71%,1.13,71.16
2020-05-05,10929,786,638,7.75%,7.8%,183,1,4,0.55%,2.41%,1403,194,12.84%,9343,1.67%,11.54%,1.11,66.36
2020-05-04,10143,688,604,7.28%,8.02%,182,5,4,2.82%,2.61%,1209,146,11.92%,8752,1.79%,13.08%,1.11,61.59
2020-05-03,9455,665,577,7.57%,8.29%,177,2,5,1.14%,2.9%,1063,886,11.24%,8215,1.87%,14.27%,1.07,57.41
2020-05-02,8790,552,542,6.7%,8.4%,175,5,5,2.94%,3.25%,177,3,2.01%,8438,1.99%,49.72%,1.06,53.37
2020-05-01,8238,571,507,7.45%,8.39%,170,2,6,1.19%,3.81%,174,14,2.11%,7894,2.06%,49.42%,1.03,50.02
2020-04-30,7667,564,497,7.94%,9.04%,168,5,6,3.07%,4.09%,160,10,2.09%,7339,2.19%,51.22%,1.02,46.55
2020-04-29,7103,641,476,9.92%,9.48%,163,8,6,5.16%,4.48%,150,11,2.11%,6790,2.29%,52.08%,0.99,43.13
2020-04-28,6462,549,440,9.28%,9.71%,155,3,6,1.97%,5.04%,139,8,2.15%,6168,2.4%,52.72%,0.94,39.24
2020-04-27,5913,497,424,9.18%,10.48%,152,7,7,4.83%,6.04%,131,9,2.22%,5630,2.57%,53.71%,0.92,35.9
2020-04-26,5416,418,423,8.36%,12.03%,145,5,8,3.57%,6.92%,122,9,2.25%,5149,2.68%,54.31%,0.88,32.89
2020-04-25,4998,309,408,6.59%,12.92%,140,9,8,6.87%,7.6%,113,1,2.26%,4745,2.8%,55.34%,0.85,30.35
2020-04-24,4689,503,407,12.02%,14.35%,131,4,8,3.15%,8.33%,112,4,2.39%,4446,2.79%,53.91%,0.8,28.47
2020-04-23,4186,414,373,10.98%,15.05%,127,7,10,5.83%,11.45%,108,16,2.58%,3951,3.03%,54.04%,0.77,25.42
2020-04-22,3772,390,363,11.53%,17.44%,120,10,10,9.09%,13.47%,92,5,2.44%,3560,3.18%,56.6%,0.73,22.9
2020-04-21,3382,434,339,14.72%,18.89%,110,9,9,8.91%,13.42%,87,2,2.57%,3185,3.25%,55.84%,0.67,20.54
2020-04-20,2948,492,306,20.03%,20.5%,101,10,9,10.99%,14.71%,85,10,2.88%,2762,3.43%,54.3%,0.61,17.9
2020-04-19,2456,312,262,14.55%,21.83%,91,7,8,8.33%,15.24%,75,9,3.05%,2290,3.71%,54.82%,0.55,14.91
2020-04-18,2144,306,237,16.65%,23.87%,84,9,8,12%,15.96%,66,8,3.08%,1994,3.92%,56%,0.51,13.02
2020-04-17,1838,266,202,16.92%,23.45%,75,15,7,25%,15.83%,58,9,3.16%,1705,4.08%,56.39%,0.46,11.16
2020-04-16,1572,341,177,27.7%,25.1%,60,10,6,20%,16.34%,49,0,3.12%,1463,3.82%,55.05%,0.36,9.55
2020-04-15,1231,219,145,21.64%,28.48%,50,4,4,8.7%,14.2%,49,7,3.98%,1132,4.06%,50.51%,0.3,7.47
2020-04-14,1012,209,121,26.03%,30.09%,46,7,4,17.95%,15.47%,42,0,4.15%,924,4.55%,52.27%,0.28,6.14
2020-04-13,803,182,97,29.31%,31.14%,39,5,4,14.71%,18.86%,42,3,5.23%,722,4.86%,48.15%,0.24,4.88
2020-04-12,621,139,76,28.84%,32.63%,34,4,4,13.33%,21.52%,39,3,6.28%,548,5.48%,46.58%,0.21,3.77
2020-04-11,482,58,59,13.68%,32.18%,30,3,3,11.11%,21.4%,36,3,7.47%,416,6.22%,45.45%,0.18,2.93
2020-04-10,424,94,52,28.48%,32.34%,27,6,3,28.57%,24.58%,33,0,7.78%,364,6.37%,45%,0.16,2.57
2020-04-09,330,112,39,51.38%,29.54%,21,1,2,5%,20.5%,33,0,10%,276,6.36%,38.89%,0.13,2
2020-04-08,218,54,23,32.93%,22.73%,20,3,2,17.65%,19.78%,33,0,15.14%,165,9.17%,37.74%,0.12,1.32
2020-04-07,164,41,16,33.33%,18.87%,17,5,2,41.67%,20.12%,33,0,20.12%,114,10.37%,34%,0.1,1
2020-04-06,123,35,11,39.77%,14.69%,12,3,1,33.33%,14.17%,33,0,26.83%,78,9.76%,26.67%,0.07,0.75
2020-04-05,88,18,6,25.71%,9.3%,9,1,1,12.5%,9.4%,33,3,37.5%,46,10.23%,21.43%,0.05,0.53
2020-04-04,70,9,3,14.75%,5.63%,8,2,0,33.33%,7.62%,30,4,42.86%,32,11.43%,21.05%,0.05,0.43
2020-04-03,61,5,2,8.93%,3.52%,6,0,0,0,2.86%,26,1,42.62%,29,9.84%,18.75%,0.04,0.37
2020-04-02,56,2,2,3.7%,3.55%,6,0,0,0,2.86%,25,0,44.64%,25,10.71%,19.35%,0.04,0.34
2020-04-01,54,3,2,5.88%,4.85%,6,1,0,20%,2.86%,25,0,46.3%,23,11.11%,19.35%,0.04,0.33
2020-03-31,51,2,2,4.08%,4.01%,5,0,0,0,3.57%,25,6,49.02%,21,9.8%,16.67%,0.03,0.31
2020-03-30,49,1,2,2.08%,6.02%,5,0,0,0,8.33%,19,4,38.78%,25,10.2%,20.83%,0.03,0.3
2020-03-29,48,0,3,0,8.9%,5,0,0,0,15.48%,15,0,31.25%,28,10.42%,25%,0.03,0.29
2020-03-28,48,0,3,0,10.04%,5,0,0,0,15.48%,15,4,31.25%,28,10.42%,25%,0.03,0.29
2020-03-27,48,4,4,9.09%,13.62%,5,0,1,0,29.76%,11,0,22.92%,32,10.42%,31.25%,0.03,0.29
2020-03-26,44,5,4,12.82%,14.84%,5,0,1,0,29.76%,11,4,25%,28,11.36%,31.25%,0.03,0.27
2020-03-25,39,0,4,0,16.07%,5,1,1,25%,29.76%,7,2,17.95%,27,12.82%,41.67%,0.03,0.24
2020-03-24,39,6,4,18.18%,21.78%,4,1,1,33.33%,26.19%,5,0,12.82%,30,10.26%,44.44%,0.02,0.24
2020-03-23,33,6,4,22.22%,22.76%,3,1,0,50%,21.43%,5,2,15.15%,25,9.09%,37.5%,0.02,0.2
2020-03-22,27,2,3,8%,28.15%,2,0,0,0,14.29%,3,0,11.11%,22,7.41%,40%,0.01,0.16
2020-03-21,25,5,3,25%,36.54%,2,1,0,100%,14.29%,3,0,12%,20,8%,40%,0.01,0.15
2020-03-20,20,3,2,17.65%,32.96%,1,0,0,0,0,3,0,15%,16,5%,25%,0.01,0.12
2020-03-19,17,3,2,21.43%,30.44%,1,0,0,0,0,3,0,17.65%,13,5.88%,25%,0.01,0.1
2020-03-18,14,4,2,40%,27.38%,1,1,0,0,0,3,0,21.43%,10,7.14%,25%,0.01,0.09
2020-03-17,10,2,1,25%,21.67%,0,0,0,0,0,3,1,30%,7,0%,0%,0,0.06
2020-03-16,8,3,1,60%,18.1%,0,0,0,0,0,2,2,25%,6,0%,0%,0,0.05
2020-03-15,5,2,0,66.67%,9.52%,0,0,0,0,0,0,0,0%,5,0%,0,0,0.03
2020-03-14,3,0,0,0,0,0,0,0,0,0,0,0,0%,3,0%,0,0,0.02
2020-03-13,3,0,1,0,0,0,0,0,0,0,0,0,0%,3,0%,0,0,0.02
2020-03-12,3,0,1,0,0,0,0,0,0,0,0,0,0%,3,0%,0,0,0.02
2020-03-11,3,0,1,0,0,0,0,0,0,0,0,0,0%,3,0%,0,0,0.02
2020-03-10,3,0,1,0,0,0,0,0,0,0,0,0,0%,3,0%,0,0,0.02
2020-03-09,3,0,2,0,0,0,0,0,0,0,0,0,0%,3,0%,0,0,0.02
2020-03-08,3,3,3,0,0,0,0,0,0,0,0,0,0%,3,0%,0,0,0.02
